asn1,asn2,num_sources,sources,relationship,provider_asn,customer_asn
7552,18403,2,rv4.rib.20260102.0000.bz2;sg.rib.20260123.1800.bz2,p2p,,
7552,23902,8,bknix.rib.20260104.0200.bz2;hkix.rib.20260105.0800.bz2;kr.rib.20260130.2000.bz2;linx.rib.20260109.1000.bz2;rv4.rib.20260102.0000.bz2;sg.rib.20260123.1800.bz2;syd.rib.20260127.2200.bz2;wide.rib.20260127.1600.bz2,p2c,7552.0,23902.0
7552,24035,8,bknix.rib.20260104.0200.bz2;hkix.rib.20260105.0800.bz2;kr.rib.20260130.2000.bz2;linx.rib.20260109.1000.bz2;rv4.rib.20260102.0000.bz2;sg.rib.20260123.1800.bz2;syd.rib.20260127.2200.bz2;wide.rib.20260127.1600.bz2,p2c,7552.0,24035.0
7552,24066,8,bknix.rib.20260104.0200.bz2;hkix.rib.20260105.0800.bz2;kr.rib.20260130.2000.bz2;linx.rib.20260109.1000.bz2;rv4.rib.20260102.0000.bz2;sg.rib.20260123.1800.bz2;syd.rib.20260127.2200.bz2;wide.rib.20260127.1600.bz2,p2c,7552.0,24066.0
7552,24085,6,hkix.rib.20260105.0800.bz2;linx.rib.20260109.1000.bz2;rv4.rib.20260102.0000.bz2;sg.rib.20260123.1800.bz2;syd.rib.20260127.2200.bz2;wide.rib.20260127.1600.bz2,p2c,7552.0,24085.0
7552,24086,7,hkix.rib.20260105.0800.bz2;kr.rib.20260130.2000.bz2;linx.rib.20260109.1000.bz2;rv4.rib.20260102.0000.bz2;sg.rib.20260123.1800.bz2;syd.rib.20260127.2200.bz2;wide.rib.20260127.1600.bz2,p2c,7552.0,24086.0
7552,24088,8,bknix.rib.20260104.0200.bz2;hkix.rib.20260105.0800.bz2;kr.rib.20260130.2000.bz2;linx.rib.20260109.1000.bz2;rv4.rib.20260102.0000.bz2;sg.rib.20260123.1800.bz2;syd.rib.20260127.2200.bz2;wide.rib.20260127.1600.bz2,p2c,7552.0,24088.0
7552,24089,5,hkix.rib.20260105.0800.bz2;kr.rib.20260130.2000.bz2;linx.rib.20260109.1000.bz2;rv4.rib.20260102.0000.bz2;sg.rib.20260123.1800.bz2,p2c,7552.0,24089.0
7552,24173,8,bknix.rib.20260104.0200.bz2;hkix.rib.20260105.0800.bz2;kr.rib.20260130.2000.bz2;linx.rib.20260109.1000.bz2;rv4.rib.20260102.0000.bz2;sg.rib.20260123.1800.bz2;syd.rib.20260127.2200.bz2;wide.rib.20260127.1600.bz2,p2c,7552.0,24173.0
7552,38726,2,rv4.rib.20260102.0000.bz2;sg.rib.20260123.1800.bz2,p2p,,
7552,38730,4,hkix.rib.20260105.0800.bz2;linx.rib.20260109.1000.bz2;rv4.rib.20260102.0000.bz2;sg.rib.20260123.1800.bz2,p2c,7552.0,38730.0
7552,38731,8,bknix.rib.20260104.0200.bz2;hkix.rib.20260105.0800.bz2;kr.rib.20260130.2000.bz2;linx.rib.20260109.1000.bz2;rv4.rib.20260102.0000.bz2;sg.rib.20260123.1800.bz2;syd.rib.20260127.2200.bz2;wide.rib.20260127.1600.bz2,p2c,7552.0,38731.0
7552,38734,2,rv4.rib.20260102.0000.bz2;sg.rib.20260123.1800.bz2,p2p,,
7552,38735,7,hkix.rib.20260105.0800.bz2;kr.rib.20260130.2000.bz2;linx.rib.20260109.1000.bz2;rv4.rib.20260102.0000.bz2;sg.rib.20260123.1800.bz2;syd.rib.20260127.2200.bz2;wide.rib.20260127.1600.bz2,p2c,7552.0,38735.0
7552,38736,8,bknix.rib.20260104.0200.bz2;hkix.rib.20260105.0800.bz2;kr.rib.20260130.2000.bz2;linx.rib.20260109.1000.bz2;rv4.rib.20260102.0000.bz2;sg.rib.20260123.1800.bz2;syd.rib.20260127.2200.bz2;wide.rib.20260127.1600.bz2,p2c,7552.0,38736.0
7552,38737,5,hkix.rib.20260105.0800.bz2;kr.rib.20260130.2000.bz2;linx.rib.20260109.1000.bz2;rv4.rib.20260102.0000.bz2;sg.rib.20260123.1800.bz2,unknown,,
7552,38738,7,hkix.rib.20260105.0800.bz2;kr.rib.20260130.2000.bz2;linx.rib.20260109.1000.bz2;rv4.rib.20260102.0000.bz2;sg.rib.20260123.1800.bz2;syd.rib.20260127.2200.bz2;wide.rib.20260127.1600.bz2,p2c,7552.0,38738.0
7552,45541,7,hkix.rib.20260105.0800.bz2;kr.rib.20260130.2000.bz2;linx.rib.20260109.1000.bz2;rv4.rib.20260102.0000.bz2;sg.rib.20260123.1800.bz2;syd.rib.20260127.2200.bz2;wide.rib.20260127.1600.bz2,p2c,7552.0,45541.0
7552,45543,1,sg.rib.20260123.1800.bz2,p2p,,
7552,45544,8,bknix.rib.20260104.0200.bz2;hkix.rib.20260105.0800.bz2;kr.rib.20260130.2000.bz2;linx.rib.20260109.1000.bz2;rv4.rib.20260102.0000.bz2;sg.rib.20260123.1800.bz2;syd.rib.20260127.2200.bz2;wide.rib.20260127.1600.bz2,p2c,7552.0,45544.0
7552,45546,2,rv4.rib.20260102.0000.bz2;sg.rib.20260123.1800.bz2,p2p,,
7552,45553,6,hkix.rib.20260105.0800.bz2;linx.rib.20260109.1000.bz2;rv4.rib.20260102.0000.bz2;sg.rib.20260123.1800.bz2;syd.rib.20260127.2200.bz2;wide.rib.20260127.1600.bz2,p2c,7552.0,45553.0
7552,45557,7,hkix.rib.20260105.0800.bz2;kr.rib.20260130.2000.bz2;linx.rib.20260109.1000.bz2;rv4.rib.20260102.0000.bz2;sg.rib.20260123.1800.bz2;syd.rib.20260127.2200.bz2;wide.rib.20260127.1600.bz2,p2c,7552.0,45557.0
7552,45896,1,sg.rib.20260123.1800.bz2,unknown,,
7552,45899,1,sg.rib.20260123.1800.bz2,p2p,,
7552,45902,4,hkix.rib.20260105.0800.bz2;linx.rib.20260109.1000.bz2;rv4.rib.20260102.0000.bz2;sg.rib.20260123.1800.bz2,p2c,7552.0,45902.0
7552,45903,3,rv4.rib.20260102.0000.bz2;sg.rib.20260123.1800.bz2;syd.rib.20260127.2200.bz2,p2p,,
7552,55306,8,bknix.rib.20260104.0200.bz2;hkix.rib.20260105.0800.bz2;kr.rib.20260130.2000.bz2;linx.rib.20260109.1000.bz2;rv4.rib.20260102.0000.bz2;sg.rib.20260123.1800.bz2;syd.rib.20260127.2200.bz2;wide.rib.20260127.1600.bz2,p2c,7552.0,55306.0
7552,55308,7,hkix.rib.20260105.0800.bz2;kr.rib.20260130.2000.bz2;linx.rib.20260109.1000.bz2;rv4.rib.20260102.0000.bz2;sg.rib.20260123.1800.bz2;syd.rib.20260127.2200.bz2;wide.rib.20260127.1600.bz2,p2c,7552.0,55308.0
7552,55309,7,hkix.rib.20260105.0800.bz2;kr.rib.20260130.2000.bz2;linx.rib.20260109.1000.bz2;rv4.rib.20260102.0000.bz2;sg.rib.20260123.1800.bz2;syd.rib.20260127.2200.bz2;wide.rib.20260127.1600.bz2,p2c,7552.0,55309.0
7552,55311,7,hkix.rib.20260105.0800.bz2;kr.rib.20260130.2000.bz2;linx.rib.20260109.1000.bz2;rv4.rib.20260102.0000.bz2;sg.rib.20260123.1800.bz2;syd.rib.20260127.2200.bz2;wide.rib.20260127.1600.bz2,p2c,7552.0,55311.0
7552,55312,6,hkix.rib.20260105.0800.bz2;linx.rib.20260109.1000.bz2;rv4.rib.20260102.0000.bz2;sg.rib.20260123.1800.bz2;syd.rib.20260127.2200.bz2;wide.rib.20260127.1600.bz2,p2c,7552.0,55312.0
7552,55318,5,hkix.rib.20260105.0800.bz2;linx.rib.20260109.1000.bz2;rv4.rib.20260102.0000.bz2;sg.rib.20260123.1800.bz2;syd.rib.20260127.2200.bz2,p2c,7552.0,55318.0
7552,55319,7,hkix.rib.20260105.0800.bz2;kr.rib.20260130.2000.bz2;linx.rib.20260109.1000.bz2;rv4.rib.20260102.0000.bz2;sg.rib.20260123.1800.bz2;syd.rib.20260127.2200.bz2;wide.rib.20260127.1600.bz2,p2c,7552.0,55319.0
7552,56141,6,hkix.rib.20260105.0800.bz2;linx.rib.20260109.1000.bz2;rv4.rib.20260102.0000.bz2;sg.rib.20260123.1800.bz2;syd.rib.20260127.2200.bz2;wide.rib.20260127.1600.bz2,p2c,7552.0,56141.0
7552,56159,3,hkix.rib.20260105.0800.bz2;linx.rib.20260109.1000.bz2;rv4.rib.20260102.0000.bz2,p2c,7552.0,56159.0
7552,63731,6,hkix.rib.20260105.0800.bz2;linx.rib.20260109.1000.bz2;rv4.rib.20260102.0000.bz2;sg.rib.20260123.1800.bz2;syd.rib.20260127.2200.bz2;wide.rib.20260127.1600.bz2,p2c,7552.0,63731.0
7552,63736,5,linx.rib.20260109.1000.bz2;rv4.rib.20260102.0000.bz2;sg.rib.20260123.1800.bz2;syd.rib.20260127.2200.bz2;wide.rib.20260127.1600.bz2,p2c,7552.0,63736.0
7552,63741,5,hkix.rib.20260105.0800.bz2;linx.rib.20260109.1000.bz2;rv4.rib.20260102.0000.bz2;sg.rib.20260123.1800.bz2;syd.rib.20260127.2200.bz2,p2c,7552.0,63741.0
7552,63742,7,hkix.rib.20260105.0800.bz2;kr.rib.20260130.2000.bz2;linx.rib.20260109.1000.bz2;rv4.rib.20260102.0000.bz2;sg.rib.20260123.1800.bz2;syd.rib.20260127.2200.bz2;wide.rib.20260127.1600.bz2,p2c,7552.0,63742.0
7552,63743,6,hkix.rib.20260105.0800.bz2;linx.rib.20260109.1000.bz2;rv4.rib.20260102.0000.bz2;sg.rib.20260123.1800.bz2;syd.rib.20260127.2200.bz2;wide.rib.20260127.1600.bz2,p2c,7552.0,63743.0
7552,63747,5,hkix.rib.20260105.0800.bz2;linx.rib.20260109.1000.bz2;rv4.rib.20260102.0000.bz2;sg.rib.20260123.1800.bz2;syd.rib.20260127.2200.bz2,p2c,7552.0,63747.0
7552,131122,8,bknix.rib.20260104.0200.bz2;hkix.rib.20260105.0800.bz2;kr.rib.20260130.2000.bz2;linx.rib.20260109.1000.bz2;rv4.rib.20260102.0000.bz2;sg.rib.20260123.1800.bz2;syd.rib.20260127.2200.bz2;wide.rib.20260127.1600.bz2,p2c,7552.0,131122.0
7552,131123,5,hkix.rib.20260105.0800.bz2;kr.rib.20260130.2000.bz2;linx.rib.20260109.1000.bz2;rv4.rib.20260102.0000.bz2;sg.rib.20260123.1800.bz2,p2c,7552.0,131123.0
7552,131124,8,bknix.rib.20260104.0200.bz2;hkix.rib.20260105.0800.bz2;kr.rib.20260130.2000.bz2;linx.rib.20260109.1000.bz2;rv4.rib.20260102.0000.bz2;sg.rib.20260123.1800.bz2;syd.rib.20260127.2200.bz2;wide.rib.20260127.1600.bz2,p2c,7552.0,131124.0
7552,131126,7,hkix.rib.20260105.0800.bz2;kr.rib.20260130.2000.bz2;linx.rib.20260109.1000.bz2;rv4.rib.20260102.0000.bz2;sg.rib.20260123.1800.bz2;syd.rib.20260127.2200.bz2;wide.rib.20260127.1600.bz2,p2c,7552.0,131126.0
7552,131127,6,hkix.rib.20260105.0800.bz2;linx.rib.20260109.1000.bz2;rv4.rib.20260102.0000.bz2;sg.rib.20260123.1800.bz2;syd.rib.20260127.2200.bz2;wide.rib.20260127.1600.bz2,p2c,7552.0,131127.0
7552,131128,7,hkix.rib.20260105.0800.bz2;kr.rib.20260130.2000.bz2;linx.rib.20260109.1000.bz2;rv4.rib.20260102.0000.bz2;sg.rib.20260123.1800.bz2;syd.rib.20260127.2200.bz2;wide.rib.20260127.1600.bz2,p2c,7552.0,131128.0
7552,131129,6,hkix.rib.20260105.0800.bz2;linx.rib.20260109.1000.bz2;rv4.rib.20260102.0000.bz2;sg.rib.20260123.1800.bz2;syd.rib.20260127.2200.bz2;wide.rib.20260127.1600.bz2,p2c,7552.0,131129.0
7552,131131,8,bknix.rib.20260104.0200.bz2;hkix.rib.20260105.0800.bz2;kr.rib.20260130.2000.bz2;linx.rib.20260109.1000.bz2;rv4.rib.20260102.0000.bz2;sg.rib.20260123.1800.bz2;syd.rib.20260127.2200.bz2;wide.rib.20260127.1600.bz2,p2c,7552.0,131131.0
7552,131343,7,hkix.rib.20260105.0800.bz2;kr.rib.20260130.2000.bz2;linx.rib.20260109.1000.bz2;rv4.rib.20260102.0000.bz2;sg.rib.20260123.1800.bz2;syd.rib.20260127.2200.bz2;wide.rib.20260127.1600.bz2,p2c,7552.0,131343.0
7552,131357,7,hkix.rib.20260105.0800.bz2;kr.rib.20260130.2000.bz2;linx.rib.20260109.1000.bz2;rv4.rib.20260102.0000.bz2;sg.rib.20260123.1800.bz2;syd.rib.20260127.2200.bz2;wide.rib.20260127.1600.bz2,p2c,7552.0,131357.0
7552,131363,4,hkix.rib.20260105.0800.bz2;linx.rib.20260109.1000.bz2;rv4.rib.20260102.0000.bz2;sg.rib.20260123.1800.bz2,p2c,7552.0,131363.0
7552,131364,5,linx.rib.20260109.1000.bz2;rv4.rib.20260102.0000.bz2;sg.rib.20260123.1800.bz2;syd.rib.20260127.2200.bz2;wide.rib.20260127.1600.bz2,p2c,7552.0,131364.0
7552,131368,7,hkix.rib.20260105.0800.bz2;kr.rib.20260130.2000.bz2;linx.rib.20260109.1000.bz2;rv4.rib.20260102.0000.bz2;sg.rib.20260123.1800.bz2;syd.rib.20260127.2200.bz2;wide.rib.20260127.1600.bz2,p2c,7552.0,131368.0
7552,131375,1,sg.rib.20260123.1800.bz2,unknown,,
7552,131379,7,hkix.rib.20260105.0800.bz2;kr.rib.20260130.2000.bz2;linx.rib.20260109.1000.bz2;rv4.rib.20260102.0000.bz2;sg.rib.20260123.1800.bz2;syd.rib.20260127.2200.bz2;wide.rib.20260127.1600.bz2,p2c,7552.0,131379.0
7552,131380,7,hkix.rib.20260105.0800.bz2;kr.rib.20260130.2000.bz2;linx.rib.20260109.1000.bz2;rv4.rib.20260102.0000.bz2;sg.rib.20260123.1800.bz2;syd.rib.20260127.2200.bz2;wide.rib.20260127.1600.bz2,p2c,7552.0,131380.0
7552,131389,6,hkix.rib.20260105.0800.bz2;linx.rib.20260109.1000.bz2;rv4.rib.20260102.0000.bz2;sg.rib.20260123.1800.bz2;syd.rib.20260127.2200.bz2;wide.rib.20260127.1600.bz2,p2c,7552.0,131389.0
7552,131396,7,hkix.rib.20260105.0800.bz2;kr.rib.20260130.2000.bz2;linx.rib.20260109.1000.bz2;rv4.rib.20260102.0000.bz2;sg.rib.20260123.1800.bz2;syd.rib.20260127.2200.bz2;wide.rib.20260127.1600.bz2,p2c,7552.0,131396.0
7552,131401,7,hkix.rib.20260105.0800.bz2;kr.rib.20260130.2000.bz2;linx.rib.20260109.1000.bz2;rv4.rib.20260102.0000.bz2;sg.rib.20260123.1800.bz2;syd.rib.20260127.2200.bz2;wide.rib.20260127.1600.bz2,p2c,7552.0,131401.0
7552,131405,6,hkix.rib.20260105.0800.bz2;linx.rib.20260109.1000.bz2;rv4.rib.20260102.0000.bz2;sg.rib.20260123.1800.bz2;syd.rib.20260127.2200.bz2;wide.rib.20260127.1600.bz2,p2c,7552.0,131405.0
7552,131409,8,bknix.rib.20260104.0200.bz2;hkix.rib.20260105.0800.bz2;kr.rib.20260130.2000.bz2;linx.rib.20260109.1000.bz2;rv4.rib.20260102.0000.bz2;sg.rib.20260123.1800.bz2;syd.rib.20260127.2200.bz2;wide.rib.20260127.1600.bz2,p2c,7552.0,131409.0
7552,131412,7,hkix.rib.20260105.0800.bz2;kr.rib.20260130.2000.bz2;linx.rib.20260109.1000.bz2;rv4.rib.20260102.0000.bz2;sg.rib.20260123.1800.bz2;syd.rib.20260127.2200.bz2;wide.rib.20260127.1600.bz2,p2c,7552.0,131412.0
7552,131415,8,bknix.rib.20260104.0200.bz2;hkix.rib.20260105.0800.bz2;kr.rib.20260130.2000.bz2;linx.rib.20260109.1000.bz2;rv4.rib.20260102.0000.bz2;sg.rib.20260123.1800.bz2;syd.rib.20260127.2200.bz2;wide.rib.20260127.1600.bz2,p2c,7552.0,131415.0
7552,131423,1,sg.rib.20260123.1800.bz2,unknown,,
7552,131429,7,hkix.rib.20260105.0800.bz2;kr.rib.20260130.2000.bz2;linx.rib.20260109.1000.bz2;rv4.rib.20260102.0000.bz2;sg.rib.20260123.1800.bz2;syd.rib.20260127.2200.bz2;wide.rib.20260127.1600.bz2,p2c,7552.0,131429.0
7552,131436,6,hkix.rib.20260105.0800.bz2;linx.rib.20260109.1000.bz2;rv4.rib.20260102.0000.bz2;sg.rib.20260123.1800.bz2;syd.rib.20260127.2200.bz2;wide.rib.20260127.1600.bz2,p2c,7552.0,131436.0
7552,131438,6,hkix.rib.20260105.0800.bz2;linx.rib.20260109.1000.bz2;rv4.rib.20260102.0000.bz2;sg.rib.20260123.1800.bz2;syd.rib.20260127.2200.bz2;wide.rib.20260127.1600.bz2,p2c,7552.0,131438.0
7552,131439,7,hkix.rib.20260105.0800.bz2;kr.rib.20260130.2000.bz2;linx.rib.20260109.1000.bz2;rv4.rib.20260102.0000.bz2;sg.rib.20260123.1800.bz2;syd.rib.20260127.2200.bz2;wide.rib.20260127.1600.bz2,p2c,7552.0,131439.0
7552,135900,8,bknix.rib.20260104.0200.bz2;hkix.rib.20260105.0800.bz2;kr.rib.20260130.2000.bz2;linx.rib.20260109.1000.bz2;rv4.rib.20260102.0000.bz2;sg.rib.20260123.1800.bz2;syd.rib.20260127.2200.bz2;wide.rib.20260127.1600.bz2,p2c,7552.0,135900.0
7552,135904,7,hkix.rib.20260105.0800.bz2;kr.rib.20260130.2000.bz2;linx.rib.20260109.1000.bz2;rv4.rib.20260102.0000.bz2;sg.rib.20260123.1800.bz2;syd.rib.20260127.2200.bz2;wide.rib.20260127.1600.bz2,p2c,7552.0,135904.0
7552,135924,6,hkix.rib.20260105.0800.bz2;linx.rib.20260109.1000.bz2;rv4.rib.20260102.0000.bz2;sg.rib.20260123.1800.bz2;syd.rib.20260127.2200.bz2;wide.rib.20260127.1600.bz2,p2c,7552.0,135924.0
7552,135925,7,hkix.rib.20260105.0800.bz2;kr.rib.20260130.2000.bz2;linx.rib.20260109.1000.bz2;rv4.rib.20260102.0000.bz2;sg.rib.20260123.1800.bz2;syd.rib.20260127.2200.bz2;wide.rib.20260127.1600.bz2,p2c,7552.0,135925.0
7552,135927,7,hkix.rib.20260105.0800.bz2;kr.rib.20260130.2000.bz2;linx.rib.20260109.1000.bz2;rv4.rib.20260102.0000.bz2;sg.rib.20260123.1800.bz2;syd.rib.20260127.2200.bz2;wide.rib.20260127.1600.bz2,p2c,7552.0,135927.0
7552,135929,7,hkix.rib.20260105.0800.bz2;kr.rib.20260130.2000.bz2;linx.rib.20260109.1000.bz2;rv4.rib.20260102.0000.bz2;sg.rib.20260123.1800.bz2;syd.rib.20260127.2200.bz2;wide.rib.20260127.1600.bz2,p2c,7552.0,135929.0
7552,135938,7,hkix.rib.20260105.0800.bz2;kr.rib.20260130.2000.bz2;linx.rib.20260109.1000.bz2;rv4.rib.20260102.0000.bz2;sg.rib.20260123.1800.bz2;syd.rib.20260127.2200.bz2;wide.rib.20260127.1600.bz2,p2c,7552.0,135938.0
7552,135947,1,sg.rib.20260123.1800.bz2,unknown,,
7552,135955,8,bknix.rib.20260104.0200.bz2;hkix.rib.20260105.0800.bz2;kr.rib.20260130.2000.bz2;linx.rib.20260109.1000.bz2;rv4.rib.20260102.0000.bz2;sg.rib.20260123.1800.bz2;syd.rib.20260127.2200.bz2;wide.rib.20260127.1600.bz2,p2c,7552.0,135955.0
7552,135956,8,bknix.rib.20260104.0200.bz2;hkix.rib.20260105.0800.bz2;kr.rib.20260130.2000.bz2;linx.rib.20260109.1000.bz2;rv4.rib.20260102.0000.bz2;sg.rib.20260123.1800.bz2;syd.rib.20260127.2200.bz2;wide.rib.20260127.1600.bz2,p2c,7552.0,135956.0
7552,135957,8,bknix.rib.20260104.0200.bz2;hkix.rib.20260105.0800.bz2;kr.rib.20260130.2000.bz2;linx.rib.20260109.1000.bz2;rv4.rib.20260102.0000.bz2;sg.rib.20260123.1800.bz2;syd.rib.20260127.2200.bz2;wide.rib.20260127.1600.bz2,p2c,7552.0,135957.0
7552,135982,5,hkix.rib.20260105.0800.bz2;linx.rib.20260109.1000.bz2;rv4.rib.20260102.0000.bz2;sg.rib.20260123.1800.bz2;syd.rib.20260127.2200.bz2,p2c,7552.0,135982.0
7552,140747,8,bknix.rib.20260104.0200.bz2;hkix.rib.20260105.0800.bz2;kr.rib.20260130.2000.bz2;linx.rib.20260109.1000.bz2;rv4.rib.20260102.0000.bz2;sg.rib.20260123.1800.bz2;syd.rib.20260127.2200.bz2;wide.rib.20260127.1600.bz2,p2c,7552.0,140747.0
7552,140748,8,bknix.rib.20260104.0200.bz2;hkix.rib.20260105.0800.bz2;kr.rib.20260130.2000.bz2;linx.rib.20260109.1000.bz2;rv4.rib.20260102.0000.bz2;sg.rib.20260123.1800.bz2;syd.rib.20260127.2200.bz2;wide.rib.20260127.1600.bz2,p2c,7552.0,140748.0
7552,140751,8,bknix.rib.20260104.0200.bz2;hkix.rib.20260105.0800.bz2;kr.rib.20260130.2000.bz2;linx.rib.20260109.1000.bz2;rv4.rib.20260102.0000.bz2;sg.rib.20260123.1800.bz2;syd.rib.20260127.2200.bz2;wide.rib.20260127.1600.bz2,p2c,7552.0,140751.0
7552,140759,8,bknix.rib.20260104.0200.bz2;hkix.rib.20260105.0800.bz2;kr.rib.20260130.2000.bz2;linx.rib.20260109.1000.bz2;rv4.rib.20260102.0000.bz2;sg.rib.20260123.1800.bz2;syd.rib.20260127.2200.bz2;wide.rib.20260127.1600.bz2,p2c,7552.0,140759.0
7552,140761,7,hkix.rib.20260105.0800.bz2;kr.rib.20260130.2000.bz2;linx.rib.20260109.1000.bz2;rv4.rib.20260102.0000.bz2;sg.rib.20260123.1800.bz2;syd.rib.20260127.2200.bz2;wide.rib.20260127.1600.bz2,p2c,7552.0,140761.0
7552,140766,2,rv4.rib.20260102.0000.bz2;sg.rib.20260123.1800.bz2,p2p,,
7552,140768,5,bknix.rib.20260104.0200.bz2;hkix.rib.20260105.0800.bz2;linx.rib.20260109.1000.bz2;rv4.rib.20260102.0000.bz2;sg.rib.20260123.1800.bz2,p2c,7552.0,140768.0
7552,140789,7,hkix.rib.20260105.0800.bz2;kr.rib.20260130.2000.bz2;linx.rib.20260109.1000.bz2;rv4.rib.20260102.0000.bz2;sg.rib.20260123.1800.bz2;syd.rib.20260127.2200.bz2;wide.rib.20260127.1600.bz2,p2c,7552.0,140789.0
7552,140806,3,linx.rib.20260109.1000.bz2;rv4.rib.20260102.0000.bz2;syd.rib.20260127.2200.bz2,p2c,7552.0,140806.0
7552,140809,7,hkix.rib.20260105.0800.bz2;kr.rib.20260130.2000.bz2;linx.rib.20260109.1000.bz2;rv4.rib.20260102.0000.bz2;sg.rib.20260123.1800.bz2;syd.rib.20260127.2200.bz2;wide.rib.20260127.1600.bz2,p2c,7552.0,140809.0
7552,149069,5,hkix.rib.20260105.0800.bz2;linx.rib.20260109.1000.bz2;rv4.rib.20260102.0000.bz2;sg.rib.20260123.1800.bz2;syd.rib.20260127.2200.bz2,p2c,7552.0,149069.0
7552,149116,7,hkix.rib.20260105.0800.bz2;kr.rib.20260130.2000.bz2;linx.rib.20260109.1000.bz2;rv4.rib.20260102.0000.bz2;sg.rib.20260123.1800.bz2;syd.rib.20260127.2200.bz2;wide.rib.20260127.1600.bz2,p2c,7552.0,149116.0
7552,149127,8,bknix.rib.20260104.0200.bz2;hkix.rib.20260105.0800.bz2;kr.rib.20260130.2000.bz2;linx.rib.20260109.1000.bz2;rv4.rib.20260102.0000.bz2;sg.rib.20260123.1800.bz2;syd.rib.20260127.2200.bz2;wide.rib.20260127.1600.bz2,p2c,7552.0,149127.0
7552,149154,6,bknix.rib.20260104.0200.bz2;kr.rib.20260130.2000.bz2;rv4.rib.20260102.0000.bz2;sg.rib.20260123.1800.bz2;syd.rib.20260127.2200.bz2;wide.rib.20260127.1600.bz2,p2c,7552.0,149154.0
7552,149156,8,bknix.rib.20260104.0200.bz2;hkix.rib.20260105.0800.bz2;kr.rib.20260130.2000.bz2;linx.rib.20260109.1000.bz2;rv4.rib.20260102.0000.bz2;sg.rib.20260123.1800.bz2;syd.rib.20260127.2200.bz2;wide.rib.20260127.1600.bz2,p2c,7552.0,149156.0
7552,149157,8,bknix.rib.20260104.0200.bz2;hkix.rib.20260105.0800.bz2;kr.rib.20260130.2000.bz2;linx.rib.20260109.1000.bz2;rv4.rib.20260102.0000.bz2;sg.rib.20260123.1800.bz2;syd.rib.20260127.2200.bz2;wide.rib.20260127.1600.bz2,p2c,7552.0,149157.0
7552,149160,8,bknix.rib.20260104.0200.bz2;hkix.rib.20260105.0800.bz2;kr.rib.20260130.2000.bz2;linx.rib.20260109.1000.bz2;rv4.rib.20260102.0000.bz2;sg.rib.20260123.1800.bz2;syd.rib.20260127.2200.bz2;wide.rib.20260127.1600.bz2,p2c,7552.0,149160.0
7552,150836,7,hkix.rib.20260105.0800.bz2;kr.rib.20260130.2000.bz2;linx.rib.20260109.1000.bz2;rv4.rib.20260102.0000.bz2;sg.rib.20260123.1800.bz2;syd.rib.20260127.2200.bz2;wide.rib.20260127.1600.bz2,p2c,7552.0,150836.0
7552,150888,8,bknix.rib.20260104.0200.bz2;hkix.rib.20260105.0800.bz2;kr.rib.20260130.2000.bz2;linx.rib.20260109.1000.bz2;rv4.rib.20260102.0000.bz2;sg.rib.20260123.1800.bz2;syd.rib.20260127.2200.bz2;wide.rib.20260127.1600.bz2,p2c,7552.0,150888.0
7552,150890,7,hkix.rib.20260105.0800.bz2;kr.rib.20260130.2000.bz2;linx.rib.20260109.1000.bz2;rv4.rib.20260102.0000.bz2;sg.rib.20260123.1800.bz2;syd.rib.20260127.2200.bz2;wide.rib.20260127.1600.bz2,p2c,7552.0,150890.0
7552,150905,5,hkix.rib.20260105.0800.bz2;linx.rib.20260109.1000.bz2;rv4.rib.20260102.0000.bz2;sg.rib.20260123.1800.bz2;syd.rib.20260127.2200.bz2,p2c,7552.0,150905.0
7552,151922,7,hkix.rib.20260105.0800.bz2;kr.rib.20260130.2000.bz2;linx.rib.20260109.1000.bz2;rv4.rib.20260102.0000.bz2;sg.rib.20260123.1800.bz2;syd.rib.20260127.2200.bz2;wide.rib.20260127.1600.bz2,p2c,7552.0,151922.0
7552,152968,6,hkix.rib.20260105.0800.bz2;linx.rib.20260109.1000.bz2;rv4.rib.20260102.0000.bz2;sg.rib.20260123.1800.bz2;syd.rib.20260127.2200.bz2;wide.rib.20260127.1600.bz2,p2c,7552.0,152968.0
7552,153004,5,hkix.rib.20260105.0800.bz2;linx.rib.20260109.1000.bz2;rv4.rib.20260102.0000.bz2;sg.rib.20260123.1800.bz2;syd.rib.20260127.2200.bz2,p2c,7552.0,153004.0
7552,153741,4,kr.rib.20260130.2000.bz2;sg.rib.20260123.1800.bz2;syd.rib.20260127.2200.bz2;wide.rib.20260127.1600.bz2,unknown,,
7552,154406,7,hkix.rib.20260105.0800.bz2;kr.rib.20260130.2000.bz2;linx.rib.20260109.1000.bz2;rv4.rib.20260102.0000.bz2;sg.rib.20260123.1800.bz2;syd.rib.20260127.2200.bz2;wide.rib.20260127.1600.bz2,p2c,7552.0,154406.0
7602,24088,7,hkix.rib.20260105.0800.bz2;kr.rib.20260130.2000.bz2;linx.rib.20260109.1000.bz2;rv4.rib.20260102.0000.bz2;sg.rib.20260123.1800.bz2;syd.rib.20260127.2200.bz2;wide.rib.20260127.1600.bz2,p2c,24088.0,7602.0
7602,45538,7,hkix.rib.20260105.0800.bz2;kr.rib.20260130.2000.bz2;linx.rib.20260109.1000.bz2;rv4.rib.20260102.0000.bz2;sg.rib.20260123.1800.bz2;syd.rib.20260127.2200.bz2;wide.rib.20260127.1600.bz2,p2c,45538.0,7602.0
7602,45903,7,hkix.rib.20260105.0800.bz2;kr.rib.20260130.2000.bz2;linx.rib.20260109.1000.bz2;rv4.rib.20260102.0000.bz2;sg.rib.20260123.1800.bz2;syd.rib.20260127.2200.bz2;wide.rib.20260127.1600.bz2,p2c,45903.0,7602.0
7602,63760,7,hkix.rib.20260105.0800.bz2;kr.rib.20260130.2000.bz2;linx.rib.20260109.1000.bz2;rv4.rib.20260102.0000.bz2;sg.rib.20260123.1800.bz2;syd.rib.20260127.2200.bz2;wide.rib.20260127.1600.bz2,p2c,63760.0,7602.0
7602,135918,7,hkix.rib.20260105.0800.bz2;kr.rib.20260130.2000.bz2;linx.rib.20260109.1000.bz2;rv4.rib.20260102.0000.bz2;sg.rib.20260123.1800.bz2;syd.rib.20260127.2200.bz2;wide.rib.20260127.1600.bz2,p2c,135918.0,7602.0
7602,135943,7,hkix.rib.20260105.0800.bz2;kr.rib.20260130.2000.bz2;linx.rib.20260109.1000.bz2;rv4.rib.20260102.0000.bz2;sg.rib.20260123.1800.bz2;syd.rib.20260127.2200.bz2;wide.rib.20260127.1600.bz2,p2c,135943.0,7602.0
7602,140825,7,hkix.rib.20260105.0800.bz2;kr.rib.20260130.2000.bz2;linx.rib.20260109.1000.bz2;rv4.rib.20260102.0000.bz2;sg.rib.20260123.1800.bz2;syd.rib.20260127.2200.bz2;wide.rib.20260127.1600.bz2,p2c,140825.0,7602.0
7602,149107,7,hkix.rib.20260105.0800.bz2;kr.rib.20260130.2000.bz2;linx.rib.20260109.1000.bz2;rv4.rib.20260102.0000.bz2;sg.rib.20260123.1800.bz2;syd.rib.20260127.2200.bz2;wide.rib.20260127.1600.bz2,p2c,149107.0,7602.0
7602,150895,7,hkix.rib.20260105.0800.bz2;kr.rib.20260130.2000.bz2;linx.rib.20260109.1000.bz2;rv4.rib.20260102.0000.bz2;sg.rib.20260123.1800.bz2;syd.rib.20260127.2200.bz2;wide.rib.20260127.1600.bz2,p2c,150895.0,7602.0
7602,152992,7,hkix.rib.20260105.0800.bz2;kr.rib.20260130.2000.bz2;linx.rib.20260109.1000.bz2;rv4.rib.20260102.0000.bz2;sg.rib.20260123.1800.bz2;syd.rib.20260127.2200.bz2;wide.rib.20260127.1600.bz2,p2c,152992.0,7602.0
7643,45899,8,bknix.rib.20260104.0200.bz2;hkix.rib.20260105.0800.bz2;kr.rib.20260130.2000.bz2;linx.rib.20260109.1000.bz2;rv4.rib.20260102.0000.bz2;sg.rib.20260123.1800.bz2;syd.rib.20260127.2200.bz2;wide.rib.20260127.1600.bz2,p2c,45899.0,7643.0
7643,135905,8,bknix.rib.20260104.0200.bz2;hkix.rib.20260105.0800.bz2;kr.rib.20260130.2000.bz2;linx.rib.20260109.1000.bz2;rv4.rib.20260102.0000.bz2;sg.rib.20260123.1800.bz2;syd.rib.20260127.2200.bz2;wide.rib.20260127.1600.bz2,p2c,135905.0,7643.0
18403,23999,4,hkix.rib.20260105.0800.bz2;rv4.rib.20260102.0000.bz2;sg.rib.20260123.1800.bz2;syd.rib.20260127.2200.bz2,p2c,18403.0,23999.0
18403,24085,8,bknix.rib.20260104.0200.bz2;hkix.rib.20260105.0800.bz2;kr.rib.20260130.2000.bz2;linx.rib.20260109.1000.bz2;rv4.rib.20260102.0000.bz2;sg.rib.20260123.1800.bz2;syd.rib.20260127.2200.bz2;wide.rib.20260127.1600.bz2,p2c,18403.0,24085.0
18403,24088,2,rv4.rib.20260102.0000.bz2;sg.rib.20260123.1800.bz2,unknown,,
18403,24173,1,rv4.rib.20260102.0000.bz2,unknown,,
18403,38244,7,hkix.rib.20260105.0800.bz2;kr.rib.20260130.2000.bz2;linx.rib.20260109.1000.bz2;rv4.rib.20260102.0000.bz2;sg.rib.20260123.1800.bz2;syd.rib.20260127.2200.bz2;wide.rib.20260127.1600.bz2,p2c,18403.0,38244.0
18403,38248,1,rv4.rib.20260102.0000.bz2,unknown,,
18403,38251,7,hkix.rib.20260105.0800.bz2;kr.rib.20260130.2000.bz2;linx.rib.20260109.1000.bz2;rv4.rib.20260102.0000.bz2;sg.rib.20260123.1800.bz2;syd.rib.20260127.2200.bz2;wide.rib.20260127.1600.bz2,p2c,18403.0,38251.0
18403,38726,1,rv4.rib.20260102.0000.bz2,unknown,,
18403,38731,2,rv4.rib.20260102.0000.bz2;sg.rib.20260123.1800.bz2,p2c,18403.0,38731.0
18403,38734,6,hkix.rib.20260105.0800.bz2;linx.rib.20260109.1000.bz2;rv4.rib.20260102.0000.bz2;sg.rib.20260123.1800.bz2;syd.rib.20260127.2200.bz2;wide.rib.20260127.1600.bz2,p2c,18403.0,38734.0
18403,38735,2,rv4.rib.20260102.0000.bz2;sg.rib.20260123.1800.bz2,p2c,18403.0,38735.0
18403,38738,1,rv4.rib.20260102.0000.bz2,unknown,,
18403,45538,1,rv4.rib.20260102.0000.bz2,unknown,,
18403,45541,7,hkix.rib.20260105.0800.bz2;kr.rib.20260130.2000.bz2;linx.rib.20260109.1000.bz2;rv4.rib.20260102.0000.bz2;sg.rib.20260123.1800.bz2;syd.rib.20260127.2200.bz2;wide.rib.20260127.1600.bz2,p2c,18403.0,45541.0
18403,45543,8,bknix.rib.20260104.0200.bz2;hkix.rib.20260105.0800.bz2;kr.rib.20260130.2000.bz2;linx.rib.20260109.1000.bz2;rv4.rib.20260102.0000.bz2;sg.rib.20260123.1800.bz2;syd.rib.20260127.2200.bz2;wide.rib.20260127.1600.bz2,p2c,18403.0,45543.0
18403,45544,5,hkix.rib.20260105.0800.bz2;linx.rib.20260109.1000.bz2;rv4.rib.20260102.0000.bz2;sg.rib.20260123.1800.bz2;syd.rib.20260127.2200.bz2,p2c,18403.0,45544.0
18403,45552,8,bknix.rib.20260104.0200.bz2;hkix.rib.20260105.0800.bz2;kr.rib.20260130.2000.bz2;linx.rib.20260109.1000.bz2;rv4.rib.20260102.0000.bz2;sg.rib.20260123.1800.bz2;syd.rib.20260127.2200.bz2;wide.rib.20260127.1600.bz2,p2c,18403.0,45552.0
18403,45556,7,hkix.rib.20260105.0800.bz2;kr.rib.20260130.2000.bz2;linx.rib.20260109.1000.bz2;rv4.rib.20260102.0000.bz2;sg.rib.20260123.1800.bz2;syd.rib.20260127.2200.bz2;wide.rib.20260127.1600.bz2,p2c,18403.0,45556.0
18403,45557,8,bknix.rib.20260104.0200.bz2;hkix.rib.20260105.0800.bz2;kr.rib.20260130.2000.bz2;linx.rib.20260109.1000.bz2;rv4.rib.20260102.0000.bz2;sg.rib.20260123.1800.bz2;syd.rib.20260127.2200.bz2;wide.rib.20260127.1600.bz2,p2c,18403.0,45557.0
18403,45894,8,bknix.rib.20260104.0200.bz2;hkix.rib.20260105.0800.bz2;kr.rib.20260130.2000.bz2;linx.rib.20260109.1000.bz2;rv4.rib.20260102.0000.bz2;sg.rib.20260123.1800.bz2;syd.rib.20260127.2200.bz2;wide.rib.20260127.1600.bz2,p2c,18403.0,45894.0
18403,45896,8,bknix.rib.20260104.0200.bz2;hkix.rib.20260105.0800.bz2;kr.rib.20260130.2000.bz2;linx.rib.20260109.1000.bz2;rv4.rib.20260102.0000.bz2;sg.rib.20260123.1800.bz2;syd.rib.20260127.2200.bz2;wide.rib.20260127.1600.bz2,p2c,18403.0,45896.0
18403,45899,7,hkix.rib.20260105.0800.bz2;kr.rib.20260130.2000.bz2;linx.rib.20260109.1000.bz2;rv4.rib.20260102.0000.bz2;sg.rib.20260123.1800.bz2;syd.rib.20260127.2200.bz2;wide.rib.20260127.1600.bz2,p2p,,
18403,45900,6,hkix.rib.20260105.0800.bz2;kr.rib.20260130.2000.bz2;linx.rib.20260109.1000.bz2;rv4.rib.20260102.0000.bz2;sg.rib.20260123.1800.bz2;syd.rib.20260127.2200.bz2,p2c,18403.0,45900.0
18403,45901,4,hkix.rib.20260105.0800.bz2;linx.rib.20260109.1000.bz2;sg.rib.20260123.1800.bz2;syd.rib.20260127.2200.bz2,p2c,18403.0,45901.0
18403,45902,3,hkix.rib.20260105.0800.bz2;sg.rib.20260123.1800.bz2;syd.rib.20260127.2200.bz2,p2c,18403.0,45902.0
18403,45903,4,linx.rib.20260109.1000.bz2;rv4.rib.20260102.0000.bz2;sg.rib.20260123.1800.bz2;syd.rib.20260127.2200.bz2,p2p,,
18403,55306,5,hkix.rib.20260105.0800.bz2;linx.rib.20260109.1000.bz2;rv4.rib.20260102.0000.bz2;sg.rib.20260123.1800.bz2;syd.rib.20260127.2200.bz2,p2c,18403.0,55306.0
18403,55308,5,hkix.rib.20260105.0800.bz2;linx.rib.20260109.1000.bz2;rv4.rib.20260102.0000.bz2;sg.rib.20260123.1800.bz2;syd.rib.20260127.2200.bz2,p2c,18403.0,55308.0
18403,55311,5,hkix.rib.20260105.0800.bz2;linx.rib.20260109.1000.bz2;rv4.rib.20260102.0000.bz2;sg.rib.20260123.1800.bz2;syd.rib.20260127.2200.bz2,p2c,18403.0,55311.0
18403,55315,7,hkix.rib.20260105.0800.bz2;kr.rib.20260130.2000.bz2;linx.rib.20260109.1000.bz2;rv4.rib.20260102.0000.bz2;sg.rib.20260123.1800.bz2;syd.rib.20260127.2200.bz2;wide.rib.20260127.1600.bz2,p2c,18403.0,55315.0
18403,55316,7,hkix.rib.20260105.0800.bz2;kr.rib.20260130.2000.bz2;linx.rib.20260109.1000.bz2;rv4.rib.20260102.0000.bz2;sg.rib.20260123.1800.bz2;syd.rib.20260127.2200.bz2;wide.rib.20260127.1600.bz2,p2c,18403.0,55316.0
18403,55318,3,hkix.rib.20260105.0800.bz2;sg.rib.20260123.1800.bz2;syd.rib.20260127.2200.bz2,p2c,18403.0,55318.0
18403,55319,5,hkix.rib.20260105.0800.bz2;linx.rib.20260109.1000.bz2;rv4.rib.20260102.0000.bz2;sg.rib.20260123.1800.bz2;syd.rib.20260127.2200.bz2,p2c,18403.0,55319.0
18403,55320,1,rv4.rib.20260102.0000.bz2,unknown,,
18403,55322,7,hkix.rib.20260105.0800.bz2;kr.rib.20260130.2000.bz2;linx.rib.20260109.1000.bz2;rv4.rib.20260102.0000.bz2;sg.rib.20260123.1800.bz2;syd.rib.20260127.2200.bz2;wide.rib.20260127.1600.bz2,p2c,18403.0,55322.0
18403,55323,5,hkix.rib.20260105.0800.bz2;linx.rib.20260109.1000.bz2;rv4.rib.20260102.0000.bz2;sg.rib.20260123.1800.bz2;syd.rib.20260127.2200.bz2,p2c,18403.0,55323.0
18403,55324,6,hkix.rib.20260105.0800.bz2;linx.rib.20260109.1000.bz2;rv4.rib.20260102.0000.bz2;sg.rib.20260123.1800.bz2;syd.rib.20260127.2200.bz2;wide.rib.20260127.1600.bz2,p2c,18403.0,55324.0
18403,56141,7,hkix.rib.20260105.0800.bz2;kr.rib.20260130.2000.bz2;linx.rib.20260109.1000.bz2;rv4.rib.20260102.0000.bz2;sg.rib.20260123.1800.bz2;syd.rib.20260127.2200.bz2;wide.rib.20260127.1600.bz2,p2c,18403.0,56141.0
18403,56144,4,linx.rib.20260109.1000.bz2;rv4.rib.20260102.0000.bz2;sg.rib.20260123.1800.bz2;syd.rib.20260127.2200.bz2,p2c,18403.0,56144.0
18403,56147,1,rv4.rib.20260102.0000.bz2,unknown,,
18403,56148,4,hkix.rib.20260105.0800.bz2;rv4.rib.20260102.0000.bz2;sg.rib.20260123.1800.bz2;syd.rib.20260127.2200.bz2,p2c,18403.0,56148.0
18403,56149,1,rv4.rib.20260102.0000.bz2,unknown,,
18403,56150,7,hkix.rib.20260105.0800.bz2;kr.rib.20260130.2000.bz2;linx.rib.20260109.1000.bz2;rv4.rib.20260102.0000.bz2;sg.rib.20260123.1800.bz2;syd.rib.20260127.2200.bz2;wide.rib.20260127.1600.bz2,p2c,18403.0,56150.0
18403,56159,3,hkix.rib.20260105.0800.bz2;sg.rib.20260123.1800.bz2;syd.rib.20260127.2200.bz2,p2c,18403.0,56159.0
18403,63731,5,hkix.rib.20260105.0800.bz2;linx.rib.20260109.1000.bz2;rv4.rib.20260102.0000.bz2;sg.rib.20260123.1800.bz2;wide.rib.20260127.1600.bz2,p2c,18403.0,63731.0
18403,63732,7,hkix.rib.20260105.0800.bz2;kr.rib.20260130.2000.bz2;linx.rib.20260109.1000.bz2;rv4.rib.20260102.0000.bz2;sg.rib.20260123.1800.bz2;syd.rib.20260127.2200.bz2;wide.rib.20260127.1600.bz2,p2c,18403.0,63732.0
18403,63734,8,bknix.rib.20260104.0200.bz2;hkix.rib.20260105.0800.bz2;kr.rib.20260130.2000.bz2;linx.rib.20260109.1000.bz2;rv4.rib.20260102.0000.bz2;sg.rib.20260123.1800.bz2;syd.rib.20260127.2200.bz2;wide.rib.20260127.1600.bz2,p2c,18403.0,63734.0
18403,63736,4,hkix.rib.20260105.0800.bz2;linx.rib.20260109.1000.bz2;sg.rib.20260123.1800.bz2;syd.rib.20260127.2200.bz2,p2c,18403.0,63736.0
18403,63737,7,hkix.rib.20260105.0800.bz2;kr.rib.20260130.2000.bz2;linx.rib.20260109.1000.bz2;rv4.rib.20260102.0000.bz2;sg.rib.20260123.1800.bz2;syd.rib.20260127.2200.bz2;wide.rib.20260127.1600.bz2,p2c,18403.0,63737.0
18403,63739,8,bknix.rib.20260104.0200.bz2;hkix.rib.20260105.0800.bz2;kr.rib.20260130.2000.bz2;linx.rib.20260109.1000.bz2;rv4.rib.20260102.0000.bz2;sg.rib.20260123.1800.bz2;syd.rib.20260127.2200.bz2;wide.rib.20260127.1600.bz2,p2c,18403.0,63739.0
18403,63743,6,hkix.rib.20260105.0800.bz2;linx.rib.20260109.1000.bz2;rv4.rib.20260102.0000.bz2;sg.rib.20260123.1800.bz2;syd.rib.20260127.2200.bz2;wide.rib.20260127.1600.bz2,p2c,18403.0,63743.0
18403,63751,5,hkix.rib.20260105.0800.bz2;linx.rib.20260109.1000.bz2;rv4.rib.20260102.0000.bz2;sg.rib.20260123.1800.bz2;syd.rib.20260127.2200.bz2,p2c,18403.0,63751.0
18403,63752,1,rv4.rib.20260102.0000.bz2,p2c,18403.0,63752.0
18403,63754,7,hkix.rib.20260105.0800.bz2;kr.rib.20260130.2000.bz2;linx.rib.20260109.1000.bz2;rv4.rib.20260102.0000.bz2;sg.rib.20260123.1800.bz2;syd.rib.20260127.2200.bz2;wide.rib.20260127.1600.bz2,p2c,18403.0,63754.0
18403,63756,6,hkix.rib.20260105.0800.bz2;linx.rib.20260109.1000.bz2;rv4.rib.20260102.0000.bz2;sg.rib.20260123.1800.bz2;syd.rib.20260127.2200.bz2;wide.rib.20260127.1600.bz2,p2c,18403.0,63756.0
18403,63758,7,hkix.rib.20260105.0800.bz2;kr.rib.20260130.2000.bz2;linx.rib.20260109.1000.bz2;rv4.rib.20260102.0000.bz2;sg.rib.20260123.1800.bz2;syd.rib.20260127.2200.bz2;wide.rib.20260127.1600.bz2,p2c,18403.0,63758.0
18403,63760,7,hkix.rib.20260105.0800.bz2;kr.rib.20260130.2000.bz2;linx.rib.20260109.1000.bz2;rv4.rib.20260102.0000.bz2;sg.rib.20260123.1800.bz2;syd.rib.20260127.2200.bz2;wide.rib.20260127.1600.bz2,p2c,18403.0,63760.0
18403,63765,8,bknix.rib.20260104.0200.bz2;hkix.rib.20260105.0800.bz2;kr.rib.20260130.2000.bz2;linx.rib.20260109.1000.bz2;rv4.rib.20260102.0000.bz2;sg.rib.20260123.1800.bz2;syd.rib.20260127.2200.bz2;wide.rib.20260127.1600.bz2,p2c,18403.0,63765.0
18403,63766,8,bknix.rib.20260104.0200.bz2;hkix.rib.20260105.0800.bz2;kr.rib.20260130.2000.bz2;linx.rib.20260109.1000.bz2;rv4.rib.20260102.0000.bz2;sg.rib.20260123.1800.bz2;syd.rib.20260127.2200.bz2;wide.rib.20260127.1600.bz2,p2c,18403.0,63766.0
18403,131124,8,bknix.rib.20260104.0200.bz2;hkix.rib.20260105.0800.bz2;kr.rib.20260130.2000.bz2;linx.rib.20260109.1000.bz2;rv4.rib.20260102.0000.bz2;sg.rib.20260123.1800.bz2;syd.rib.20260127.2200.bz2;wide.rib.20260127.1600.bz2,p2c,18403.0,131124.0
18403,131125,5,hkix.rib.20260105.0800.bz2;linx.rib.20260109.1000.bz2;rv4.rib.20260102.0000.bz2;sg.rib.20260123.1800.bz2;syd.rib.20260127.2200.bz2,p2c,18403.0,131125.0
18403,131126,7,hkix.rib.20260105.0800.bz2;kr.rib.20260130.2000.bz2;linx.rib.20260109.1000.bz2;rv4.rib.20260102.0000.bz2;sg.rib.20260123.1800.bz2;syd.rib.20260127.2200.bz2;wide.rib.20260127.1600.bz2,p2c,18403.0,131126.0
18403,131127,7,hkix.rib.20260105.0800.bz2;kr.rib.20260130.2000.bz2;linx.rib.20260109.1000.bz2;rv4.rib.20260102.0000.bz2;sg.rib.20260123.1800.bz2;syd.rib.20260127.2200.bz2;wide.rib.20260127.1600.bz2,p2c,18403.0,131127.0
18403,131128,5,hkix.rib.20260105.0800.bz2;linx.rib.20260109.1000.bz2;rv4.rib.20260102.0000.bz2;sg.rib.20260123.1800.bz2;syd.rib.20260127.2200.bz2,p2c,18403.0,131128.0
18403,131130,5,hkix.rib.20260105.0800.bz2;linx.rib.20260109.1000.bz2;rv4.rib.20260102.0000.bz2;sg.rib.20260123.1800.bz2;syd.rib.20260127.2200.bz2,p2c,18403.0,131130.0
18403,131342,7,hkix.rib.20260105.0800.bz2;kr.rib.20260130.2000.bz2;linx.rib.20260109.1000.bz2;rv4.rib.20260102.0000.bz2;sg.rib.20260123.1800.bz2;syd.rib.20260127.2200.bz2;wide.rib.20260127.1600.bz2,p2c,18403.0,131342.0
18403,131343,5,hkix.rib.20260105.0800.bz2;linx.rib.20260109.1000.bz2;rv4.rib.20260102.0000.bz2;sg.rib.20260123.1800.bz2;syd.rib.20260127.2200.bz2,p2c,18403.0,131343.0
18403,131344,5,hkix.rib.20260105.0800.bz2;linx.rib.20260109.1000.bz2;rv4.rib.20260102.0000.bz2;sg.rib.20260123.1800.bz2;syd.rib.20260127.2200.bz2,p2c,18403.0,131344.0
18403,131345,6,hkix.rib.20260105.0800.bz2;kr.rib.20260130.2000.bz2;linx.rib.20260109.1000.bz2;rv4.rib.20260102.0000.bz2;sg.rib.20260123.1800.bz2;syd.rib.20260127.2200.bz2,p2c,18403.0,131345.0
18403,131347,4,hkix.rib.20260105.0800.bz2;rv4.rib.20260102.0000.bz2;sg.rib.20260123.1800.bz2;syd.rib.20260127.2200.bz2,p2c,18403.0,131347.0
18403,131348,6,hkix.rib.20260105.0800.bz2;linx.rib.20260109.1000.bz2;rv4.rib.20260102.0000.bz2;sg.rib.20260123.1800.bz2;syd.rib.20260127.2200.bz2;wide.rib.20260127.1600.bz2,p2c,18403.0,131348.0
18403,131349,8,bknix.rib.20260104.0200.bz2;hkix.rib.20260105.0800.bz2;kr.rib.20260130.2000.bz2;linx.rib.20260109.1000.bz2;rv4.rib.20260102.0000.bz2;sg.rib.20260123.1800.bz2;syd.rib.20260127.2200.bz2;wide.rib.20260127.1600.bz2,p2c,18403.0,131349.0
18403,131351,4,linx.rib.20260109.1000.bz2;rv4.rib.20260102.0000.bz2;sg.rib.20260123.1800.bz2;syd.rib.20260127.2200.bz2,p2c,18403.0,131351.0
18403,131353,8,bknix.rib.20260104.0200.bz2;hkix.rib.20260105.0800.bz2;kr.rib.20260130.2000.bz2;linx.rib.20260109.1000.bz2;rv4.rib.20260102.0000.bz2;sg.rib.20260123.1800.bz2;syd.rib.20260127.2200.bz2;wide.rib.20260127.1600.bz2,p2c,18403.0,131353.0
18403,131354,4,linx.rib.20260109.1000.bz2;rv4.rib.20260102.0000.bz2;sg.rib.20260123.1800.bz2;syd.rib.20260127.2200.bz2,p2c,18403.0,131354.0
18403,131358,7,hkix.rib.20260105.0800.bz2;kr.rib.20260130.2000.bz2;linx.rib.20260109.1000.bz2;rv4.rib.20260102.0000.bz2;sg.rib.20260123.1800.bz2;syd.rib.20260127.2200.bz2;wide.rib.20260127.1600.bz2,p2c,18403.0,131358.0
18403,131362,5,hkix.rib.20260105.0800.bz2;linx.rib.20260109.1000.bz2;rv4.rib.20260102.0000.bz2;sg.rib.20260123.1800.bz2;syd.rib.20260127.2200.bz2,p2c,18403.0,131362.0
18403,131363,3,rv4.rib.20260102.0000.bz2;sg.rib.20260123.1800.bz2;syd.rib.20260127.2200.bz2,p2c,18403.0,131363.0
18403,131364,5,hkix.rib.20260105.0800.bz2;linx.rib.20260109.1000.bz2;rv4.rib.20260102.0000.bz2;sg.rib.20260123.1800.bz2;syd.rib.20260127.2200.bz2,p2c,18403.0,131364.0
18403,131365,7,hkix.rib.20260105.0800.bz2;kr.rib.20260130.2000.bz2;linx.rib.20260109.1000.bz2;rv4.rib.20260102.0000.bz2;sg.rib.20260123.1800.bz2;syd.rib.20260127.2200.bz2;wide.rib.20260127.1600.bz2,p2c,18403.0,131365.0
18403,131366,8,bknix.rib.20260104.0200.bz2;hkix.rib.20260105.0800.bz2;kr.rib.20260130.2000.bz2;linx.rib.20260109.1000.bz2;rv4.rib.20260102.0000.bz2;sg.rib.20260123.1800.bz2;syd.rib.20260127.2200.bz2;wide.rib.20260127.1600.bz2,p2c,18403.0,131366.0
18403,131371,7,hkix.rib.20260105.0800.bz2;kr.rib.20260130.2000.bz2;linx.rib.20260109.1000.bz2;rv4.rib.20260102.0000.bz2;sg.rib.20260123.1800.bz2;syd.rib.20260127.2200.bz2;wide.rib.20260127.1600.bz2,p2c,18403.0,131371.0
18403,131372,5,hkix.rib.20260105.0800.bz2;linx.rib.20260109.1000.bz2;rv4.rib.20260102.0000.bz2;sg.rib.20260123.1800.bz2;syd.rib.20260127.2200.bz2,p2c,18403.0,131372.0
18403,131373,8,bknix.rib.20260104.0200.bz2;hkix.rib.20260105.0800.bz2;kr.rib.20260130.2000.bz2;linx.rib.20260109.1000.bz2;rv4.rib.20260102.0000.bz2;sg.rib.20260123.1800.bz2;syd.rib.20260127.2200.bz2;wide.rib.20260127.1600.bz2,p2c,18403.0,131373.0
18403,131375,7,hkix.rib.20260105.0800.bz2;kr.rib.20260130.2000.bz2;linx.rib.20260109.1000.bz2;rv4.rib.20260102.0000.bz2;sg.rib.20260123.1800.bz2;syd.rib.20260127.2200.bz2;wide.rib.20260127.1600.bz2,p2c,18403.0,131375.0
18403,131376,3,hkix.rib.20260105.0800.bz2;sg.rib.20260123.1800.bz2;syd.rib.20260127.2200.bz2,p2c,18403.0,131376.0
18403,131379,5,hkix.rib.20260105.0800.bz2;linx.rib.20260109.1000.bz2;rv4.rib.20260102.0000.bz2;sg.rib.20260123.1800.bz2;syd.rib.20260127.2200.bz2,p2c,18403.0,131379.0
18403,131383,5,hkix.rib.20260105.0800.bz2;linx.rib.20260109.1000.bz2;rv4.rib.20260102.0000.bz2;sg.rib.20260123.1800.bz2;syd.rib.20260127.2200.bz2,p2c,18403.0,131383.0
18403,131385,7,hkix.rib.20260105.0800.bz2;kr.rib.20260130.2000.bz2;linx.rib.20260109.1000.bz2;rv4.rib.20260102.0000.bz2;sg.rib.20260123.1800.bz2;syd.rib.20260127.2200.bz2;wide.rib.20260127.1600.bz2,p2c,18403.0,131385.0
18403,131386,8,bknix.rib.20260104.0200.bz2;hkix.rib.20260105.0800.bz2;kr.rib.20260130.2000.bz2;linx.rib.20260109.1000.bz2;rv4.rib.20260102.0000.bz2;sg.rib.20260123.1800.bz2;syd.rib.20260127.2200.bz2;wide.rib.20260127.1600.bz2,p2c,18403.0,131386.0
18403,131387,7,hkix.rib.20260105.0800.bz2;kr.rib.20260130.2000.bz2;linx.rib.20260109.1000.bz2;rv4.rib.20260102.0000.bz2;sg.rib.20260123.1800.bz2;syd.rib.20260127.2200.bz2;wide.rib.20260127.1600.bz2,p2c,18403.0,131387.0
18403,131391,6,hkix.rib.20260105.0800.bz2;linx.rib.20260109.1000.bz2;rv4.rib.20260102.0000.bz2;sg.rib.20260123.1800.bz2;syd.rib.20260127.2200.bz2;wide.rib.20260127.1600.bz2,p2c,18403.0,131391.0
18403,131396,5,hkix.rib.20260105.0800.bz2;linx.rib.20260109.1000.bz2;rv4.rib.20260102.0000.bz2;sg.rib.20260123.1800.bz2;syd.rib.20260127.2200.bz2,p2c,18403.0,131396.0
18403,131398,6,hkix.rib.20260105.0800.bz2;linx.rib.20260109.1000.bz2;rv4.rib.20260102.0000.bz2;sg.rib.20260123.1800.bz2;syd.rib.20260127.2200.bz2;wide.rib.20260127.1600.bz2,p2c,18403.0,131398.0
18403,131402,7,hkix.rib.20260105.0800.bz2;kr.rib.20260130.2000.bz2;linx.rib.20260109.1000.bz2;rv4.rib.20260102.0000.bz2;sg.rib.20260123.1800.bz2;syd.rib.20260127.2200.bz2;wide.rib.20260127.1600.bz2,p2c,18403.0,131402.0
18403,131408,7,hkix.rib.20260105.0800.bz2;kr.rib.20260130.2000.bz2;linx.rib.20260109.1000.bz2;rv4.rib.20260102.0000.bz2;sg.rib.20260123.1800.bz2;syd.rib.20260127.2200.bz2;wide.rib.20260127.1600.bz2,p2c,18403.0,131408.0
18403,131412,5,hkix.rib.20260105.0800.bz2;linx.rib.20260109.1000.bz2;rv4.rib.20260102.0000.bz2;sg.rib.20260123.1800.bz2;syd.rib.20260127.2200.bz2,p2c,18403.0,131412.0
18403,131413,7,hkix.rib.20260105.0800.bz2;kr.rib.20260130.2000.bz2;linx.rib.20260109.1000.bz2;rv4.rib.20260102.0000.bz2;sg.rib.20260123.1800.bz2;syd.rib.20260127.2200.bz2;wide.rib.20260127.1600.bz2,p2c,18403.0,131413.0
18403,131414,8,bknix.rib.20260104.0200.bz2;hkix.rib.20260105.0800.bz2;kr.rib.20260130.2000.bz2;linx.rib.20260109.1000.bz2;rv4.rib.20260102.0000.bz2;sg.rib.20260123.1800.bz2;syd.rib.20260127.2200.bz2;wide.rib.20260127.1600.bz2,p2c,18403.0,131414.0
18403,131418,1,rv4.rib.20260102.0000.bz2,unknown,,
18403,131419,7,hkix.rib.20260105.0800.bz2;kr.rib.20260130.2000.bz2;linx.rib.20260109.1000.bz2;rv4.rib.20260102.0000.bz2;sg.rib.20260123.1800.bz2;syd.rib.20260127.2200.bz2;wide.rib.20260127.1600.bz2,p2c,18403.0,131419.0
18403,131423,7,hkix.rib.20260105.0800.bz2;kr.rib.20260130.2000.bz2;linx.rib.20260109.1000.bz2;rv4.rib.20260102.0000.bz2;sg.rib.20260123.1800.bz2;syd.rib.20260127.2200.bz2;wide.rib.20260127.1600.bz2,p2c,18403.0,131423.0
18403,131429,8,bknix.rib.20260104.0200.bz2;hkix.rib.20260105.0800.bz2;kr.rib.20260130.2000.bz2;linx.rib.20260109.1000.bz2;rv4.rib.20260102.0000.bz2;sg.rib.20260123.1800.bz2;syd.rib.20260127.2200.bz2;wide.rib.20260127.1600.bz2,p2c,18403.0,131429.0
18403,131435,1,rv4.rib.20260102.0000.bz2,unknown,,
18403,131438,4,hkix.rib.20260105.0800.bz2;rv4.rib.20260102.0000.bz2;sg.rib.20260123.1800.bz2;syd.rib.20260127.2200.bz2,p2c,18403.0,131438.0
18403,135904,5,hkix.rib.20260105.0800.bz2;linx.rib.20260109.1000.bz2;rv4.rib.20260102.0000.bz2;sg.rib.20260123.1800.bz2;syd.rib.20260127.2200.bz2,p2c,18403.0,135904.0
18403,135906,8,bknix.rib.20260104.0200.bz2;hkix.rib.20260105.0800.bz2;kr.rib.20260130.2000.bz2;linx.rib.20260109.1000.bz2;rv4.rib.20260102.0000.bz2;sg.rib.20260123.1800.bz2;syd.rib.20260127.2200.bz2;wide.rib.20260127.1600.bz2,p2c,18403.0,135906.0
18403,135908,8,bknix.rib.20260104.0200.bz2;hkix.rib.20260105.0800.bz2;kr.rib.20260130.2000.bz2;linx.rib.20260109.1000.bz2;rv4.rib.20260102.0000.bz2;sg.rib.20260123.1800.bz2;syd.rib.20260127.2200.bz2;wide.rib.20260127.1600.bz2,p2c,18403.0,135908.0
18403,135910,7,hkix.rib.20260105.0800.bz2;kr.rib.20260130.2000.bz2;linx.rib.20260109.1000.bz2;rv4.rib.20260102.0000.bz2;sg.rib.20260123.1800.bz2;syd.rib.20260127.2200.bz2;wide.rib.20260127.1600.bz2,p2c,18403.0,135910.0
18403,135911,7,hkix.rib.20260105.0800.bz2;kr.rib.20260130.2000.bz2;linx.rib.20260109.1000.bz2;rv4.rib.20260102.0000.bz2;sg.rib.20260123.1800.bz2;syd.rib.20260127.2200.bz2;wide.rib.20260127.1600.bz2,p2c,18403.0,135911.0
18403,135912,8,bknix.rib.20260104.0200.bz2;hkix.rib.20260105.0800.bz2;kr.rib.20260130.2000.bz2;linx.rib.20260109.1000.bz2;rv4.rib.20260102.0000.bz2;sg.rib.20260123.1800.bz2;syd.rib.20260127.2200.bz2;wide.rib.20260127.1600.bz2,p2c,18403.0,135912.0
18403,135913,7,hkix.rib.20260105.0800.bz2;kr.rib.20260130.2000.bz2;linx.rib.20260109.1000.bz2;rv4.rib.20260102.0000.bz2;sg.rib.20260123.1800.bz2;syd.rib.20260127.2200.bz2;wide.rib.20260127.1600.bz2,p2c,18403.0,135913.0
18403,135916,7,hkix.rib.20260105.0800.bz2;kr.rib.20260130.2000.bz2;linx.rib.20260109.1000.bz2;rv4.rib.20260102.0000.bz2;sg.rib.20260123.1800.bz2;syd.rib.20260127.2200.bz2;wide.rib.20260127.1600.bz2,p2c,18403.0,135916.0
18403,135918,8,bknix.rib.20260104.0200.bz2;hkix.rib.20260105.0800.bz2;kr.rib.20260130.2000.bz2;linx.rib.20260109.1000.bz2;rv4.rib.20260102.0000.bz2;sg.rib.20260123.1800.bz2;syd.rib.20260127.2200.bz2;wide.rib.20260127.1600.bz2,p2c,18403.0,135918.0
18403,135919,7,hkix.rib.20260105.0800.bz2;kr.rib.20260130.2000.bz2;linx.rib.20260109.1000.bz2;rv4.rib.20260102.0000.bz2;sg.rib.20260123.1800.bz2;syd.rib.20260127.2200.bz2;wide.rib.20260127.1600.bz2,p2c,18403.0,135919.0
18403,135921,8,bknix.rib.20260104.0200.bz2;hkix.rib.20260105.0800.bz2;kr.rib.20260130.2000.bz2;linx.rib.20260109.1000.bz2;rv4.rib.20260102.0000.bz2;sg.rib.20260123.1800.bz2;syd.rib.20260127.2200.bz2;wide.rib.20260127.1600.bz2,p2c,18403.0,135921.0
18403,135922,7,hkix.rib.20260105.0800.bz2;kr.rib.20260130.2000.bz2;linx.rib.20260109.1000.bz2;rv4.rib.20260102.0000.bz2;sg.rib.20260123.1800.bz2;syd.rib.20260127.2200.bz2;wide.rib.20260127.1600.bz2,p2c,18403.0,135922.0
18403,135925,5,hkix.rib.20260105.0800.bz2;linx.rib.20260109.1000.bz2;rv4.rib.20260102.0000.bz2;sg.rib.20260123.1800.bz2;syd.rib.20260127.2200.bz2,p2c,18403.0,135925.0
18403,135927,5,hkix.rib.20260105.0800.bz2;linx.rib.20260109.1000.bz2;rv4.rib.20260102.0000.bz2;sg.rib.20260123.1800.bz2;syd.rib.20260127.2200.bz2,p2c,18403.0,135927.0
18403,135932,8,bknix.rib.20260104.0200.bz2;hkix.rib.20260105.0800.bz2;kr.rib.20260130.2000.bz2;linx.rib.20260109.1000.bz2;rv4.rib.20260102.0000.bz2;sg.rib.20260123.1800.bz2;syd.rib.20260127.2200.bz2;wide.rib.20260127.1600.bz2,p2c,18403.0,135932.0
18403,135933,7,hkix.rib.20260105.0800.bz2;kr.rib.20260130.2000.bz2;linx.rib.20260109.1000.bz2;rv4.rib.20260102.0000.bz2;sg.rib.20260123.1800.bz2;syd.rib.20260127.2200.bz2;wide.rib.20260127.1600.bz2,p2c,18403.0,135933.0
18403,135936,7,hkix.rib.20260105.0800.bz2;kr.rib.20260130.2000.bz2;linx.rib.20260109.1000.bz2;rv4.rib.20260102.0000.bz2;sg.rib.20260123.1800.bz2;syd.rib.20260127.2200.bz2;wide.rib.20260127.1600.bz2,p2c,18403.0,135936.0
18403,135942,7,hkix.rib.20260105.0800.bz2;kr.rib.20260130.2000.bz2;linx.rib.20260109.1000.bz2;rv4.rib.20260102.0000.bz2;sg.rib.20260123.1800.bz2;syd.rib.20260127.2200.bz2;wide.rib.20260127.1600.bz2,p2c,18403.0,135942.0
18403,135945,7,hkix.rib.20260105.0800.bz2;kr.rib.20260130.2000.bz2;linx.rib.20260109.1000.bz2;rv4.rib.20260102.0000.bz2;sg.rib.20260123.1800.bz2;syd.rib.20260127.2200.bz2;wide.rib.20260127.1600.bz2,p2c,18403.0,135945.0
18403,135963,8,bknix.rib.20260104.0200.bz2;hkix.rib.20260105.0800.bz2;kr.rib.20260130.2000.bz2;linx.rib.20260109.1000.bz2;rv4.rib.20260102.0000.bz2;sg.rib.20260123.1800.bz2;syd.rib.20260127.2200.bz2;wide.rib.20260127.1600.bz2,p2c,18403.0,135963.0
18403,135964,7,hkix.rib.20260105.0800.bz2;kr.rib.20260130.2000.bz2;linx.rib.20260109.1000.bz2;rv4.rib.20260102.0000.bz2;sg.rib.20260123.1800.bz2;syd.rib.20260127.2200.bz2;wide.rib.20260127.1600.bz2,p2c,18403.0,135964.0
18403,135967,8,bknix.rib.20260104.0200.bz2;hkix.rib.20260105.0800.bz2;kr.rib.20260130.2000.bz2;linx.rib.20260109.1000.bz2;rv4.rib.20260102.0000.bz2;sg.rib.20260123.1800.bz2;syd.rib.20260127.2200.bz2;wide.rib.20260127.1600.bz2,p2c,18403.0,135967.0
18403,135969,7,hkix.rib.20260105.0800.bz2;kr.rib.20260130.2000.bz2;linx.rib.20260109.1000.bz2;rv4.rib.20260102.0000.bz2;sg.rib.20260123.1800.bz2;syd.rib.20260127.2200.bz2;wide.rib.20260127.1600.bz2,p2c,18403.0,135969.0
18403,135971,5,hkix.rib.20260105.0800.bz2;linx.rib.20260109.1000.bz2;rv4.rib.20260102.0000.bz2;sg.rib.20260123.1800.bz2;syd.rib.20260127.2200.bz2,p2c,18403.0,135971.0
18403,135974,7,hkix.rib.20260105.0800.bz2;kr.rib.20260130.2000.bz2;linx.rib.20260109.1000.bz2;rv4.rib.20260102.0000.bz2;sg.rib.20260123.1800.bz2;syd.rib.20260127.2200.bz2;wide.rib.20260127.1600.bz2,p2c,18403.0,135974.0
18403,135977,7,hkix.rib.20260105.0800.bz2;kr.rib.20260130.2000.bz2;linx.rib.20260109.1000.bz2;rv4.rib.20260102.0000.bz2;sg.rib.20260123.1800.bz2;syd.rib.20260127.2200.bz2;wide.rib.20260127.1600.bz2,p2c,18403.0,135977.0
18403,135990,7,hkix.rib.20260105.0800.bz2;kr.rib.20260130.2000.bz2;linx.rib.20260109.1000.bz2;rv4.rib.20260102.0000.bz2;sg.rib.20260123.1800.bz2;syd.rib.20260127.2200.bz2;wide.rib.20260127.1600.bz2,p2c,18403.0,135990.0
18403,135997,7,hkix.rib.20260105.0800.bz2;kr.rib.20260130.2000.bz2;linx.rib.20260109.1000.bz2;rv4.rib.20260102.0000.bz2;sg.rib.20260123.1800.bz2;syd.rib.20260127.2200.bz2;wide.rib.20260127.1600.bz2,p2c,18403.0,135997.0
18403,140739,6,hkix.rib.20260105.0800.bz2;kr.rib.20260130.2000.bz2;rv4.rib.20260102.0000.bz2;sg.rib.20260123.1800.bz2;syd.rib.20260127.2200.bz2;wide.rib.20260127.1600.bz2,p2c,18403.0,140739.0
18403,140761,7,hkix.rib.20260105.0800.bz2;kr.rib.20260130.2000.bz2;linx.rib.20260109.1000.bz2;rv4.rib.20260102.0000.bz2;sg.rib.20260123.1800.bz2;syd.rib.20260127.2200.bz2;wide.rib.20260127.1600.bz2,p2c,18403.0,140761.0
18403,140764,7,hkix.rib.20260105.0800.bz2;kr.rib.20260130.2000.bz2;linx.rib.20260109.1000.bz2;rv4.rib.20260102.0000.bz2;sg.rib.20260123.1800.bz2;syd.rib.20260127.2200.bz2;wide.rib.20260127.1600.bz2,p2c,18403.0,140764.0
18403,140765,8,bknix.rib.20260104.0200.bz2;hkix.rib.20260105.0800.bz2;kr.rib.20260130.2000.bz2;linx.rib.20260109.1000.bz2;rv4.rib.20260102.0000.bz2;sg.rib.20260123.1800.bz2;syd.rib.20260127.2200.bz2;wide.rib.20260127.1600.bz2,p2c,18403.0,140765.0
18403,140766,8,bknix.rib.20260104.0200.bz2;hkix.rib.20260105.0800.bz2;kr.rib.20260130.2000.bz2;linx.rib.20260109.1000.bz2;rv4.rib.20260102.0000.bz2;sg.rib.20260123.1800.bz2;syd.rib.20260127.2200.bz2;wide.rib.20260127.1600.bz2,p2c,18403.0,140766.0
18403,140770,5,hkix.rib.20260105.0800.bz2;linx.rib.20260109.1000.bz2;rv4.rib.20260102.0000.bz2;sg.rib.20260123.1800.bz2;syd.rib.20260127.2200.bz2,p2c,18403.0,140770.0
18403,140774,7,hkix.rib.20260105.0800.bz2;kr.rib.20260130.2000.bz2;linx.rib.20260109.1000.bz2;rv4.rib.20260102.0000.bz2;sg.rib.20260123.1800.bz2;syd.rib.20260127.2200.bz2;wide.rib.20260127.1600.bz2,p2c,18403.0,140774.0
18403,140775,8,bknix.rib.20260104.0200.bz2;hkix.rib.20260105.0800.bz2;kr.rib.20260130.2000.bz2;linx.rib.20260109.1000.bz2;rv4.rib.20260102.0000.bz2;sg.rib.20260123.1800.bz2;syd.rib.20260127.2200.bz2;wide.rib.20260127.1600.bz2,p2c,18403.0,140775.0
18403,140796,7,hkix.rib.20260105.0800.bz2;kr.rib.20260130.2000.bz2;linx.rib.20260109.1000.bz2;rv4.rib.20260102.0000.bz2;sg.rib.20260123.1800.bz2;syd.rib.20260127.2200.bz2;wide.rib.20260127.1600.bz2,p2c,18403.0,140796.0
18403,140799,8,bknix.rib.20260104.0200.bz2;hkix.rib.20260105.0800.bz2;kr.rib.20260130.2000.bz2;linx.rib.20260109.1000.bz2;rv4.rib.20260102.0000.bz2;sg.rib.20260123.1800.bz2;syd.rib.20260127.2200.bz2;wide.rib.20260127.1600.bz2,p2c,18403.0,140799.0
18403,140801,7,hkix.rib.20260105.0800.bz2;kr.rib.20260130.2000.bz2;linx.rib.20260109.1000.bz2;rv4.rib.20260102.0000.bz2;sg.rib.20260123.1800.bz2;syd.rib.20260127.2200.bz2;wide.rib.20260127.1600.bz2,p2c,18403.0,140801.0
18403,140807,8,bknix.rib.20260104.0200.bz2;hkix.rib.20260105.0800.bz2;kr.rib.20260130.2000.bz2;linx.rib.20260109.1000.bz2;rv4.rib.20260102.0000.bz2;sg.rib.20260123.1800.bz2;syd.rib.20260127.2200.bz2;wide.rib.20260127.1600.bz2,p2c,18403.0,140807.0
18403,140810,8,bknix.rib.20260104.0200.bz2;hkix.rib.20260105.0800.bz2;kr.rib.20260130.2000.bz2;linx.rib.20260109.1000.bz2;rv4.rib.20260102.0000.bz2;sg.rib.20260123.1800.bz2;syd.rib.20260127.2200.bz2;wide.rib.20260127.1600.bz2,p2c,18403.0,140810.0
18403,140813,6,hkix.rib.20260105.0800.bz2;kr.rib.20260130.2000.bz2;linx.rib.20260109.1000.bz2;rv4.rib.20260102.0000.bz2;sg.rib.20260123.1800.bz2;syd.rib.20260127.2200.bz2,p2c,18403.0,140813.0
18403,140815,8,bknix.rib.20260104.0200.bz2;hkix.rib.20260105.0800.bz2;kr.rib.20260130.2000.bz2;linx.rib.20260109.1000.bz2;rv4.rib.20260102.0000.bz2;sg.rib.20260123.1800.bz2;syd.rib.20260127.2200.bz2;wide.rib.20260127.1600.bz2,p2c,18403.0,140815.0
18403,140818,8,bknix.rib.20260104.0200.bz2;hkix.rib.20260105.0800.bz2;kr.rib.20260130.2000.bz2;linx.rib.20260109.1000.bz2;rv4.rib.20260102.0000.bz2;sg.rib.20260123.1800.bz2;syd.rib.20260127.2200.bz2;wide.rib.20260127.1600.bz2,p2c,18403.0,140818.0
18403,140822,7,hkix.rib.20260105.0800.bz2;kr.rib.20260130.2000.bz2;linx.rib.20260109.1000.bz2;rv4.rib.20260102.0000.bz2;sg.rib.20260123.1800.bz2;syd.rib.20260127.2200.bz2;wide.rib.20260127.1600.bz2,p2c,18403.0,140822.0
18403,140823,8,bknix.rib.20260104.0200.bz2;hkix.rib.20260105.0800.bz2;kr.rib.20260130.2000.bz2;linx.rib.20260109.1000.bz2;rv4.rib.20260102.0000.bz2;sg.rib.20260123.1800.bz2;syd.rib.20260127.2200.bz2;wide.rib.20260127.1600.bz2,p2c,18403.0,140823.0
18403,140824,8,bknix.rib.20260104.0200.bz2;hkix.rib.20260105.0800.bz2;kr.rib.20260130.2000.bz2;linx.rib.20260109.1000.bz2;rv4.rib.20260102.0000.bz2;sg.rib.20260123.1800.bz2;syd.rib.20260127.2200.bz2;wide.rib.20260127.1600.bz2,p2c,18403.0,140824.0
18403,140825,8,bknix.rib.20260104.0200.bz2;hkix.rib.20260105.0800.bz2;kr.rib.20260130.2000.bz2;linx.rib.20260109.1000.bz2;rv4.rib.20260102.0000.bz2;sg.rib.20260123.1800.bz2;syd.rib.20260127.2200.bz2;wide.rib.20260127.1600.bz2,p2c,18403.0,140825.0
18403,140832,7,hkix.rib.20260105.0800.bz2;kr.rib.20260130.2000.bz2;linx.rib.20260109.1000.bz2;rv4.rib.20260102.0000.bz2;sg.rib.20260123.1800.bz2;syd.rib.20260127.2200.bz2;wide.rib.20260127.1600.bz2,p2c,18403.0,140832.0
18403,142294,8,bknix.rib.20260104.0200.bz2;hkix.rib.20260105.0800.bz2;kr.rib.20260130.2000.bz2;linx.rib.20260109.1000.bz2;rv4.rib.20260102.0000.bz2;sg.rib.20260123.1800.bz2;syd.rib.20260127.2200.bz2;wide.rib.20260127.1600.bz2,p2c,18403.0,142294.0
18403,149062,8,bknix.rib.20260104.0200.bz2;hkix.rib.20260105.0800.bz2;kr.rib.20260130.2000.bz2;linx.rib.20260109.1000.bz2;rv4.rib.20260102.0000.bz2;sg.rib.20260123.1800.bz2;syd.rib.20260127.2200.bz2;wide.rib.20260127.1600.bz2,p2c,18403.0,149062.0
18403,149065,8,bknix.rib.20260104.0200.bz2;hkix.rib.20260105.0800.bz2;kr.rib.20260130.2000.bz2;linx.rib.20260109.1000.bz2;rv4.rib.20260102.0000.bz2;sg.rib.20260123.1800.bz2;syd.rib.20260127.2200.bz2;wide.rib.20260127.1600.bz2,p2c,18403.0,149065.0
18403,149078,8,bknix.rib.20260104.0200.bz2;hkix.rib.20260105.0800.bz2;kr.rib.20260130.2000.bz2;linx.rib.20260109.1000.bz2;rv4.rib.20260102.0000.bz2;sg.rib.20260123.1800.bz2;syd.rib.20260127.2200.bz2;wide.rib.20260127.1600.bz2,p2c,18403.0,149078.0
18403,149080,5,hkix.rib.20260105.0800.bz2;linx.rib.20260109.1000.bz2;rv4.rib.20260102.0000.bz2;sg.rib.20260123.1800.bz2;syd.rib.20260127.2200.bz2,p2c,18403.0,149080.0
18403,149082,6,hkix.rib.20260105.0800.bz2;linx.rib.20260109.1000.bz2;rv4.rib.20260102.0000.bz2;sg.rib.20260123.1800.bz2;syd.rib.20260127.2200.bz2;wide.rib.20260127.1600.bz2,p2c,18403.0,149082.0
18403,149089,8,bknix.rib.20260104.0200.bz2;hkix.rib.20260105.0800.bz2;kr.rib.20260130.2000.bz2;linx.rib.20260109.1000.bz2;rv4.rib.20260102.0000.bz2;sg.rib.20260123.1800.bz2;syd.rib.20260127.2200.bz2;wide.rib.20260127.1600.bz2,p2c,18403.0,149089.0
18403,149096,8,bknix.rib.20260104.0200.bz2;hkix.rib.20260105.0800.bz2;kr.rib.20260130.2000.bz2;linx.rib.20260109.1000.bz2;rv4.rib.20260102.0000.bz2;sg.rib.20260123.1800.bz2;syd.rib.20260127.2200.bz2;wide.rib.20260127.1600.bz2,p2c,18403.0,149096.0
18403,149101,8,bknix.rib.20260104.0200.bz2;hkix.rib.20260105.0800.bz2;kr.rib.20260130.2000.bz2;linx.rib.20260109.1000.bz2;rv4.rib.20260102.0000.bz2;sg.rib.20260123.1800.bz2;syd.rib.20260127.2200.bz2;wide.rib.20260127.1600.bz2,p2c,18403.0,149101.0
18403,149102,8,bknix.rib.20260104.0200.bz2;hkix.rib.20260105.0800.bz2;kr.rib.20260130.2000.bz2;linx.rib.20260109.1000.bz2;rv4.rib.20260102.0000.bz2;sg.rib.20260123.1800.bz2;syd.rib.20260127.2200.bz2;wide.rib.20260127.1600.bz2,p2c,18403.0,149102.0
18403,149107,8,bknix.rib.20260104.0200.bz2;hkix.rib.20260105.0800.bz2;kr.rib.20260130.2000.bz2;linx.rib.20260109.1000.bz2;rv4.rib.20260102.0000.bz2;sg.rib.20260123.1800.bz2;syd.rib.20260127.2200.bz2;wide.rib.20260127.1600.bz2,p2c,18403.0,149107.0
18403,149109,5,hkix.rib.20260105.0800.bz2;linx.rib.20260109.1000.bz2;rv4.rib.20260102.0000.bz2;sg.rib.20260123.1800.bz2;syd.rib.20260127.2200.bz2,p2c,18403.0,149109.0
18403,149118,8,bknix.rib.20260104.0200.bz2;hkix.rib.20260105.0800.bz2;kr.rib.20260130.2000.bz2;linx.rib.20260109.1000.bz2;rv4.rib.20260102.0000.bz2;sg.rib.20260123.1800.bz2;syd.rib.20260127.2200.bz2;wide.rib.20260127.1600.bz2,p2c,18403.0,149118.0
18403,149120,4,hkix.rib.20260105.0800.bz2;rv4.rib.20260102.0000.bz2;sg.rib.20260123.1800.bz2;syd.rib.20260127.2200.bz2,p2c,18403.0,149120.0
18403,149123,7,hkix.rib.20260105.0800.bz2;kr.rib.20260130.2000.bz2;linx.rib.20260109.1000.bz2;rv4.rib.20260102.0000.bz2;sg.rib.20260123.1800.bz2;syd.rib.20260127.2200.bz2;wide.rib.20260127.1600.bz2,p2c,18403.0,149123.0
18403,149124,7,hkix.rib.20260105.0800.bz2;kr.rib.20260130.2000.bz2;linx.rib.20260109.1000.bz2;rv4.rib.20260102.0000.bz2;sg.rib.20260123.1800.bz2;syd.rib.20260127.2200.bz2;wide.rib.20260127.1600.bz2,p2c,18403.0,149124.0
18403,149125,7,hkix.rib.20260105.0800.bz2;kr.rib.20260130.2000.bz2;linx.rib.20260109.1000.bz2;rv4.rib.20260102.0000.bz2;sg.rib.20260123.1800.bz2;syd.rib.20260127.2200.bz2;wide.rib.20260127.1600.bz2,p2c,18403.0,149125.0
18403,149131,8,bknix.rib.20260104.0200.bz2;hkix.rib.20260105.0800.bz2;kr.rib.20260130.2000.bz2;linx.rib.20260109.1000.bz2;rv4.rib.20260102.0000.bz2;sg.rib.20260123.1800.bz2;syd.rib.20260127.2200.bz2;wide.rib.20260127.1600.bz2,p2c,18403.0,149131.0
18403,149135,7,hkix.rib.20260105.0800.bz2;kr.rib.20260130.2000.bz2;linx.rib.20260109.1000.bz2;rv4.rib.20260102.0000.bz2;sg.rib.20260123.1800.bz2;syd.rib.20260127.2200.bz2;wide.rib.20260127.1600.bz2,p2c,18403.0,149135.0
18403,149136,8,bknix.rib.20260104.0200.bz2;hkix.rib.20260105.0800.bz2;kr.rib.20260130.2000.bz2;linx.rib.20260109.1000.bz2;rv4.rib.20260102.0000.bz2;sg.rib.20260123.1800.bz2;syd.rib.20260127.2200.bz2;wide.rib.20260127.1600.bz2,p2c,18403.0,149136.0
18403,149139,8,bknix.rib.20260104.0200.bz2;hkix.rib.20260105.0800.bz2;kr.rib.20260130.2000.bz2;linx.rib.20260109.1000.bz2;rv4.rib.20260102.0000.bz2;sg.rib.20260123.1800.bz2;syd.rib.20260127.2200.bz2;wide.rib.20260127.1600.bz2,p2c,18403.0,149139.0
18403,149142,5,hkix.rib.20260105.0800.bz2;linx.rib.20260109.1000.bz2;rv4.rib.20260102.0000.bz2;sg.rib.20260123.1800.bz2;syd.rib.20260127.2200.bz2,p2c,18403.0,149142.0
18403,149143,7,hkix.rib.20260105.0800.bz2;kr.rib.20260130.2000.bz2;linx.rib.20260109.1000.bz2;rv4.rib.20260102.0000.bz2;sg.rib.20260123.1800.bz2;syd.rib.20260127.2200.bz2;wide.rib.20260127.1600.bz2,p2c,18403.0,149143.0
18403,149149,8,bknix.rib.20260104.0200.bz2;hkix.rib.20260105.0800.bz2;kr.rib.20260130.2000.bz2;linx.rib.20260109.1000.bz2;rv4.rib.20260102.0000.bz2;sg.rib.20260123.1800.bz2;syd.rib.20260127.2200.bz2;wide.rib.20260127.1600.bz2,p2c,18403.0,149149.0
18403,149150,8,bknix.rib.20260104.0200.bz2;hkix.rib.20260105.0800.bz2;kr.rib.20260130.2000.bz2;linx.rib.20260109.1000.bz2;rv4.rib.20260102.0000.bz2;sg.rib.20260123.1800.bz2;syd.rib.20260127.2200.bz2;wide.rib.20260127.1600.bz2,p2c,18403.0,149150.0
18403,149151,8,bknix.rib.20260104.0200.bz2;hkix.rib.20260105.0800.bz2;kr.rib.20260130.2000.bz2;linx.rib.20260109.1000.bz2;rv4.rib.20260102.0000.bz2;sg.rib.20260123.1800.bz2;syd.rib.20260127.2200.bz2;wide.rib.20260127.1600.bz2,p2c,18403.0,149151.0
18403,149161,8,bknix.rib.20260104.0200.bz2;hkix.rib.20260105.0800.bz2;kr.rib.20260130.2000.bz2;linx.rib.20260109.1000.bz2;rv4.rib.20260102.0000.bz2;sg.rib.20260123.1800.bz2;syd.rib.20260127.2200.bz2;wide.rib.20260127.1600.bz2,p2c,18403.0,149161.0
18403,150820,7,hkix.rib.20260105.0800.bz2;kr.rib.20260130.2000.bz2;linx.rib.20260109.1000.bz2;rv4.rib.20260102.0000.bz2;sg.rib.20260123.1800.bz2;syd.rib.20260127.2200.bz2;wide.rib.20260127.1600.bz2,p2c,18403.0,150820.0
18403,150824,7,hkix.rib.20260105.0800.bz2;kr.rib.20260130.2000.bz2;linx.rib.20260109.1000.bz2;rv4.rib.20260102.0000.bz2;sg.rib.20260123.1800.bz2;syd.rib.20260127.2200.bz2;wide.rib.20260127.1600.bz2,p2c,18403.0,150824.0
18403,150828,8,bknix.rib.20260104.0200.bz2;hkix.rib.20260105.0800.bz2;kr.rib.20260130.2000.bz2;linx.rib.20260109.1000.bz2;rv4.rib.20260102.0000.bz2;sg.rib.20260123.1800.bz2;syd.rib.20260127.2200.bz2;wide.rib.20260127.1600.bz2,p2c,18403.0,150828.0
18403,150830,8,bknix.rib.20260104.0200.bz2;hkix.rib.20260105.0800.bz2;kr.rib.20260130.2000.bz2;linx.rib.20260109.1000.bz2;rv4.rib.20260102.0000.bz2;sg.rib.20260123.1800.bz2;syd.rib.20260127.2200.bz2;wide.rib.20260127.1600.bz2,unknown,,
18403,150842,7,hkix.rib.20260105.0800.bz2;kr.rib.20260130.2000.bz2;linx.rib.20260109.1000.bz2;rv4.rib.20260102.0000.bz2;sg.rib.20260123.1800.bz2;syd.rib.20260127.2200.bz2;wide.rib.20260127.1600.bz2,p2c,18403.0,150842.0
18403,150857,5,hkix.rib.20260105.0800.bz2;linx.rib.20260109.1000.bz2;rv4.rib.20260102.0000.bz2;sg.rib.20260123.1800.bz2;syd.rib.20260127.2200.bz2,p2c,18403.0,150857.0
18403,150859,7,hkix.rib.20260105.0800.bz2;kr.rib.20260130.2000.bz2;linx.rib.20260109.1000.bz2;rv4.rib.20260102.0000.bz2;sg.rib.20260123.1800.bz2;syd.rib.20260127.2200.bz2;wide.rib.20260127.1600.bz2,p2c,18403.0,150859.0
18403,150862,7,hkix.rib.20260105.0800.bz2;kr.rib.20260130.2000.bz2;linx.rib.20260109.1000.bz2;rv4.rib.20260102.0000.bz2;sg.rib.20260123.1800.bz2;syd.rib.20260127.2200.bz2;wide.rib.20260127.1600.bz2,p2c,18403.0,150862.0
18403,150866,5,hkix.rib.20260105.0800.bz2;linx.rib.20260109.1000.bz2;rv4.rib.20260102.0000.bz2;sg.rib.20260123.1800.bz2;syd.rib.20260127.2200.bz2,p2c,18403.0,150866.0
18403,150869,5,hkix.rib.20260105.0800.bz2;linx.rib.20260109.1000.bz2;rv4.rib.20260102.0000.bz2;sg.rib.20260123.1800.bz2;syd.rib.20260127.2200.bz2,p2c,18403.0,150869.0
18403,150872,7,hkix.rib.20260105.0800.bz2;kr.rib.20260130.2000.bz2;linx.rib.20260109.1000.bz2;rv4.rib.20260102.0000.bz2;sg.rib.20260123.1800.bz2;syd.rib.20260127.2200.bz2;wide.rib.20260127.1600.bz2,p2c,18403.0,150872.0
18403,150890,5,hkix.rib.20260105.0800.bz2;linx.rib.20260109.1000.bz2;rv4.rib.20260102.0000.bz2;sg.rib.20260123.1800.bz2;syd.rib.20260127.2200.bz2,p2c,18403.0,150890.0
18403,150895,8,bknix.rib.20260104.0200.bz2;hkix.rib.20260105.0800.bz2;kr.rib.20260130.2000.bz2;linx.rib.20260109.1000.bz2;rv4.rib.20260102.0000.bz2;sg.rib.20260123.1800.bz2;syd.rib.20260127.2200.bz2;wide.rib.20260127.1600.bz2,p2c,18403.0,150895.0
18403,150900,8,bknix.rib.20260104.0200.bz2;hkix.rib.20260105.0800.bz2;kr.rib.20260130.2000.bz2;linx.rib.20260109.1000.bz2;rv4.rib.20260102.0000.bz2;sg.rib.20260123.1800.bz2;syd.rib.20260127.2200.bz2;wide.rib.20260127.1600.bz2,unknown,,
18403,151858,8,bknix.rib.20260104.0200.bz2;hkix.rib.20260105.0800.bz2;kr.rib.20260130.2000.bz2;linx.rib.20260109.1000.bz2;rv4.rib.20260102.0000.bz2;sg.rib.20260123.1800.bz2;syd.rib.20260127.2200.bz2;wide.rib.20260127.1600.bz2,p2c,18403.0,151858.0
18403,151866,7,hkix.rib.20260105.0800.bz2;kr.rib.20260130.2000.bz2;linx.rib.20260109.1000.bz2;rv4.rib.20260102.0000.bz2;sg.rib.20260123.1800.bz2;syd.rib.20260127.2200.bz2;wide.rib.20260127.1600.bz2,p2c,18403.0,151866.0
18403,151870,8,bknix.rib.20260104.0200.bz2;hkix.rib.20260105.0800.bz2;kr.rib.20260130.2000.bz2;linx.rib.20260109.1000.bz2;rv4.rib.20260102.0000.bz2;sg.rib.20260123.1800.bz2;syd.rib.20260127.2200.bz2;wide.rib.20260127.1600.bz2,p2c,18403.0,151870.0
18403,151872,8,bknix.rib.20260104.0200.bz2;hkix.rib.20260105.0800.bz2;kr.rib.20260130.2000.bz2;linx.rib.20260109.1000.bz2;rv4.rib.20260102.0000.bz2;sg.rib.20260123.1800.bz2;syd.rib.20260127.2200.bz2;wide.rib.20260127.1600.bz2,p2c,18403.0,151872.0
18403,151901,8,bknix.rib.20260104.0200.bz2;hkix.rib.20260105.0800.bz2;kr.rib.20260130.2000.bz2;linx.rib.20260109.1000.bz2;rv4.rib.20260102.0000.bz2;sg.rib.20260123.1800.bz2;syd.rib.20260127.2200.bz2;wide.rib.20260127.1600.bz2,p2c,18403.0,151901.0
18403,151914,7,hkix.rib.20260105.0800.bz2;kr.rib.20260130.2000.bz2;linx.rib.20260109.1000.bz2;rv4.rib.20260102.0000.bz2;sg.rib.20260123.1800.bz2;syd.rib.20260127.2200.bz2;wide.rib.20260127.1600.bz2,p2c,18403.0,151914.0
18403,151917,8,bknix.rib.20260104.0200.bz2;hkix.rib.20260105.0800.bz2;kr.rib.20260130.2000.bz2;linx.rib.20260109.1000.bz2;rv4.rib.20260102.0000.bz2;sg.rib.20260123.1800.bz2;syd.rib.20260127.2200.bz2;wide.rib.20260127.1600.bz2,p2c,18403.0,151917.0
18403,151922,5,hkix.rib.20260105.0800.bz2;linx.rib.20260109.1000.bz2;rv4.rib.20260102.0000.bz2;sg.rib.20260123.1800.bz2;syd.rib.20260127.2200.bz2,p2c,18403.0,151922.0
18403,151923,5,hkix.rib.20260105.0800.bz2;linx.rib.20260109.1000.bz2;rv4.rib.20260102.0000.bz2;sg.rib.20260123.1800.bz2;syd.rib.20260127.2200.bz2,p2c,18403.0,151923.0
18403,151938,8,bknix.rib.20260104.0200.bz2;hkix.rib.20260105.0800.bz2;kr.rib.20260130.2000.bz2;linx.rib.20260109.1000.bz2;rv4.rib.20260102.0000.bz2;sg.rib.20260123.1800.bz2;syd.rib.20260127.2200.bz2;wide.rib.20260127.1600.bz2,p2c,18403.0,151938.0
18403,152934,7,hkix.rib.20260105.0800.bz2;kr.rib.20260130.2000.bz2;linx.rib.20260109.1000.bz2;rv4.rib.20260102.0000.bz2;sg.rib.20260123.1800.bz2;syd.rib.20260127.2200.bz2;wide.rib.20260127.1600.bz2,p2c,18403.0,152934.0
18403,152935,7,hkix.rib.20260105.0800.bz2;kr.rib.20260130.2000.bz2;linx.rib.20260109.1000.bz2;rv4.rib.20260102.0000.bz2;sg.rib.20260123.1800.bz2;syd.rib.20260127.2200.bz2;wide.rib.20260127.1600.bz2,p2c,18403.0,152935.0
18403,152945,8,bknix.rib.20260104.0200.bz2;hkix.rib.20260105.0800.bz2;kr.rib.20260130.2000.bz2;linx.rib.20260109.1000.bz2;rv4.rib.20260102.0000.bz2;sg.rib.20260123.1800.bz2;syd.rib.20260127.2200.bz2;wide.rib.20260127.1600.bz2,p2c,18403.0,152945.0
18403,152947,5,hkix.rib.20260105.0800.bz2;linx.rib.20260109.1000.bz2;rv4.rib.20260102.0000.bz2;sg.rib.20260123.1800.bz2;syd.rib.20260127.2200.bz2,p2c,18403.0,152947.0
18403,152949,8,bknix.rib.20260104.0200.bz2;hkix.rib.20260105.0800.bz2;kr.rib.20260130.2000.bz2;linx.rib.20260109.1000.bz2;rv4.rib.20260102.0000.bz2;sg.rib.20260123.1800.bz2;syd.rib.20260127.2200.bz2;wide.rib.20260127.1600.bz2,p2c,18403.0,152949.0
18403,152953,7,hkix.rib.20260105.0800.bz2;kr.rib.20260130.2000.bz2;linx.rib.20260109.1000.bz2;rv4.rib.20260102.0000.bz2;sg.rib.20260123.1800.bz2;syd.rib.20260127.2200.bz2;wide.rib.20260127.1600.bz2,p2c,18403.0,152953.0
18403,152955,7,hkix.rib.20260105.0800.bz2;kr.rib.20260130.2000.bz2;linx.rib.20260109.1000.bz2;rv4.rib.20260102.0000.bz2;sg.rib.20260123.1800.bz2;syd.rib.20260127.2200.bz2;wide.rib.20260127.1600.bz2,p2c,18403.0,152955.0
18403,152959,8,bknix.rib.20260104.0200.bz2;hkix.rib.20260105.0800.bz2;kr.rib.20260130.2000.bz2;linx.rib.20260109.1000.bz2;rv4.rib.20260102.0000.bz2;sg.rib.20260123.1800.bz2;syd.rib.20260127.2200.bz2;wide.rib.20260127.1600.bz2,p2c,18403.0,152959.0
18403,152969,7,hkix.rib.20260105.0800.bz2;kr.rib.20260130.2000.bz2;linx.rib.20260109.1000.bz2;rv4.rib.20260102.0000.bz2;sg.rib.20260123.1800.bz2;syd.rib.20260127.2200.bz2;wide.rib.20260127.1600.bz2,p2c,18403.0,152969.0
18403,152974,8,bknix.rib.20260104.0200.bz2;hkix.rib.20260105.0800.bz2;kr.rib.20260130.2000.bz2;linx.rib.20260109.1000.bz2;rv4.rib.20260102.0000.bz2;sg.rib.20260123.1800.bz2;syd.rib.20260127.2200.bz2;wide.rib.20260127.1600.bz2,p2c,18403.0,152974.0
18403,152975,8,bknix.rib.20260104.0200.bz2;hkix.rib.20260105.0800.bz2;kr.rib.20260130.2000.bz2;linx.rib.20260109.1000.bz2;rv4.rib.20260102.0000.bz2;sg.rib.20260123.1800.bz2;syd.rib.20260127.2200.bz2;wide.rib.20260127.1600.bz2,unknown,,
18403,152976,7,hkix.rib.20260105.0800.bz2;kr.rib.20260130.2000.bz2;linx.rib.20260109.1000.bz2;rv4.rib.20260102.0000.bz2;sg.rib.20260123.1800.bz2;syd.rib.20260127.2200.bz2;wide.rib.20260127.1600.bz2,p2c,18403.0,152976.0
18403,152978,7,hkix.rib.20260105.0800.bz2;kr.rib.20260130.2000.bz2;linx.rib.20260109.1000.bz2;rv4.rib.20260102.0000.bz2;sg.rib.20260123.1800.bz2;syd.rib.20260127.2200.bz2;wide.rib.20260127.1600.bz2,p2c,18403.0,152978.0
18403,152980,8,bknix.rib.20260104.0200.bz2;hkix.rib.20260105.0800.bz2;kr.rib.20260130.2000.bz2;linx.rib.20260109.1000.bz2;rv4.rib.20260102.0000.bz2;sg.rib.20260123.1800.bz2;syd.rib.20260127.2200.bz2;wide.rib.20260127.1600.bz2,p2c,18403.0,152980.0
18403,152981,8,bknix.rib.20260104.0200.bz2;hkix.rib.20260105.0800.bz2;kr.rib.20260130.2000.bz2;linx.rib.20260109.1000.bz2;rv4.rib.20260102.0000.bz2;sg.rib.20260123.1800.bz2;syd.rib.20260127.2200.bz2;wide.rib.20260127.1600.bz2,p2c,18403.0,152981.0
18403,152989,7,hkix.rib.20260105.0800.bz2;kr.rib.20260130.2000.bz2;linx.rib.20260109.1000.bz2;rv4.rib.20260102.0000.bz2;sg.rib.20260123.1800.bz2;syd.rib.20260127.2200.bz2;wide.rib.20260127.1600.bz2,p2c,18403.0,152989.0
18403,152993,7,hkix.rib.20260105.0800.bz2;kr.rib.20260130.2000.bz2;linx.rib.20260109.1000.bz2;rv4.rib.20260102.0000.bz2;sg.rib.20260123.1800.bz2;syd.rib.20260127.2200.bz2;wide.rib.20260127.1600.bz2,p2c,18403.0,152993.0
18403,152994,5,hkix.rib.20260105.0800.bz2;linx.rib.20260109.1000.bz2;rv4.rib.20260102.0000.bz2;sg.rib.20260123.1800.bz2;syd.rib.20260127.2200.bz2,p2c,18403.0,152994.0
18403,153032,7,hkix.rib.20260105.0800.bz2;kr.rib.20260130.2000.bz2;linx.rib.20260109.1000.bz2;rv4.rib.20260102.0000.bz2;sg.rib.20260123.1800.bz2;syd.rib.20260127.2200.bz2;wide.rib.20260127.1600.bz2,p2c,18403.0,153032.0
18403,153320,8,bknix.rib.20260104.0200.bz2;hkix.rib.20260105.0800.bz2;kr.rib.20260130.2000.bz2;linx.rib.20260109.1000.bz2;rv4.rib.20260102.0000.bz2;sg.rib.20260123.1800.bz2;syd.rib.20260127.2200.bz2;wide.rib.20260127.1600.bz2,p2c,18403.0,153320.0
18403,153391,8,bknix.rib.20260104.0200.bz2;hkix.rib.20260105.0800.bz2;kr.rib.20260130.2000.bz2;linx.rib.20260109.1000.bz2;rv4.rib.20260102.0000.bz2;sg.rib.20260123.1800.bz2;syd.rib.20260127.2200.bz2;wide.rib.20260127.1600.bz2,p2c,18403.0,153391.0
18403,153401,8,bknix.rib.20260104.0200.bz2;hkix.rib.20260105.0800.bz2;kr.rib.20260130.2000.bz2;linx.rib.20260109.1000.bz2;rv4.rib.20260102.0000.bz2;sg.rib.20260123.1800.bz2;syd.rib.20260127.2200.bz2;wide.rib.20260127.1600.bz2,p2c,18403.0,153401.0
18403,153403,7,hkix.rib.20260105.0800.bz2;kr.rib.20260130.2000.bz2;linx.rib.20260109.1000.bz2;rv4.rib.20260102.0000.bz2;sg.rib.20260123.1800.bz2;syd.rib.20260127.2200.bz2;wide.rib.20260127.1600.bz2,p2c,18403.0,153403.0
18403,153407,7,hkix.rib.20260105.0800.bz2;kr.rib.20260130.2000.bz2;linx.rib.20260109.1000.bz2;rv4.rib.20260102.0000.bz2;sg.rib.20260123.1800.bz2;syd.rib.20260127.2200.bz2;wide.rib.20260127.1600.bz2,p2c,18403.0,153407.0
18403,153413,7,hkix.rib.20260105.0800.bz2;kr.rib.20260130.2000.bz2;linx.rib.20260109.1000.bz2;rv4.rib.20260102.0000.bz2;sg.rib.20260123.1800.bz2;syd.rib.20260127.2200.bz2;wide.rib.20260127.1600.bz2,p2c,18403.0,153413.0
18403,153429,7,hkix.rib.20260105.0800.bz2;kr.rib.20260130.2000.bz2;linx.rib.20260109.1000.bz2;rv4.rib.20260102.0000.bz2;sg.rib.20260123.1800.bz2;syd.rib.20260127.2200.bz2;wide.rib.20260127.1600.bz2,p2c,18403.0,153429.0
18403,153430,7,hkix.rib.20260105.0800.bz2;kr.rib.20260130.2000.bz2;linx.rib.20260109.1000.bz2;rv4.rib.20260102.0000.bz2;sg.rib.20260123.1800.bz2;syd.rib.20260127.2200.bz2;wide.rib.20260127.1600.bz2,p2c,18403.0,153430.0
18403,153433,6,hkix.rib.20260105.0800.bz2;kr.rib.20260130.2000.bz2;linx.rib.20260109.1000.bz2;rv4.rib.20260102.0000.bz2;sg.rib.20260123.1800.bz2;syd.rib.20260127.2200.bz2,p2c,18403.0,153433.0
18403,153439,8,bknix.rib.20260104.0200.bz2;hkix.rib.20260105.0800.bz2;kr.rib.20260130.2000.bz2;linx.rib.20260109.1000.bz2;rv4.rib.20260102.0000.bz2;sg.rib.20260123.1800.bz2;syd.rib.20260127.2200.bz2;wide.rib.20260127.1600.bz2,unknown,,
18403,153499,7,hkix.rib.20260105.0800.bz2;kr.rib.20260130.2000.bz2;linx.rib.20260109.1000.bz2;rv4.rib.20260102.0000.bz2;sg.rib.20260123.1800.bz2;syd.rib.20260127.2200.bz2;wide.rib.20260127.1600.bz2,p2c,18403.0,153499.0
18403,153501,1,kr.rib.20260130.2000.bz2,unknown,,
18403,153535,7,hkix.rib.20260105.0800.bz2;kr.rib.20260130.2000.bz2;linx.rib.20260109.1000.bz2;rv4.rib.20260102.0000.bz2;sg.rib.20260123.1800.bz2;syd.rib.20260127.2200.bz2;wide.rib.20260127.1600.bz2,p2c,18403.0,153535.0
18403,153536,7,hkix.rib.20260105.0800.bz2;kr.rib.20260130.2000.bz2;linx.rib.20260109.1000.bz2;rv4.rib.20260102.0000.bz2;sg.rib.20260123.1800.bz2;syd.rib.20260127.2200.bz2;wide.rib.20260127.1600.bz2,p2c,18403.0,153536.0
18403,153539,7,hkix.rib.20260105.0800.bz2;kr.rib.20260130.2000.bz2;linx.rib.20260109.1000.bz2;rv4.rib.20260102.0000.bz2;sg.rib.20260123.1800.bz2;syd.rib.20260127.2200.bz2;wide.rib.20260127.1600.bz2,p2c,18403.0,153539.0
18403,153543,7,hkix.rib.20260105.0800.bz2;kr.rib.20260130.2000.bz2;linx.rib.20260109.1000.bz2;rv4.rib.20260102.0000.bz2;sg.rib.20260123.1800.bz2;syd.rib.20260127.2200.bz2;wide.rib.20260127.1600.bz2,p2c,18403.0,153543.0
18403,153585,7,hkix.rib.20260105.0800.bz2;kr.rib.20260130.2000.bz2;linx.rib.20260109.1000.bz2;rv4.rib.20260102.0000.bz2;sg.rib.20260123.1800.bz2;syd.rib.20260127.2200.bz2;wide.rib.20260127.1600.bz2,p2c,18403.0,153585.0
18403,153647,7,hkix.rib.20260105.0800.bz2;kr.rib.20260130.2000.bz2;linx.rib.20260109.1000.bz2;rv4.rib.20260102.0000.bz2;sg.rib.20260123.1800.bz2;syd.rib.20260127.2200.bz2;wide.rib.20260127.1600.bz2,p2c,18403.0,153647.0
18403,153713,7,hkix.rib.20260105.0800.bz2;kr.rib.20260130.2000.bz2;linx.rib.20260109.1000.bz2;rv4.rib.20260102.0000.bz2;sg.rib.20260123.1800.bz2;syd.rib.20260127.2200.bz2;wide.rib.20260127.1600.bz2,p2c,18403.0,153713.0
18403,153831,8,bknix.rib.20260104.0200.bz2;hkix.rib.20260105.0800.bz2;kr.rib.20260130.2000.bz2;linx.rib.20260109.1000.bz2;rv4.rib.20260102.0000.bz2;sg.rib.20260123.1800.bz2;syd.rib.20260127.2200.bz2;wide.rib.20260127.1600.bz2,p2c,18403.0,153831.0
18403,154247,7,hkix.rib.20260105.0800.bz2;kr.rib.20260130.2000.bz2;linx.rib.20260109.1000.bz2;rv4.rib.20260102.0000.bz2;sg.rib.20260123.1800.bz2;syd.rib.20260127.2200.bz2;wide.rib.20260127.1600.bz2,p2c,18403.0,154247.0
18403,154339,8,bknix.rib.20260104.0200.bz2;hkix.rib.20260105.0800.bz2;kr.rib.20260130.2000.bz2;linx.rib.20260109.1000.bz2;rv4.rib.20260102.0000.bz2;sg.rib.20260123.1800.bz2;syd.rib.20260127.2200.bz2;wide.rib.20260127.1600.bz2,unknown,,
23902,45554,8,bknix.rib.20260104.0200.bz2;hkix.rib.20260105.0800.bz2;kr.rib.20260130.2000.bz2;linx.rib.20260109.1000.bz2;rv4.rib.20260102.0000.bz2;sg.rib.20260123.1800.bz2;syd.rib.20260127.2200.bz2;wide.rib.20260127.1600.bz2,p2c,23902.0,45554.0
23902,45899,8,bknix.rib.20260104.0200.bz2;hkix.rib.20260105.0800.bz2;kr.rib.20260130.2000.bz2;linx.rib.20260109.1000.bz2;rv4.rib.20260102.0000.bz2;sg.rib.20260123.1800.bz2;syd.rib.20260127.2200.bz2;wide.rib.20260127.1600.bz2,p2c,45899.0,23902.0
23999,45899,8,bknix.rib.20260104.0200.bz2;hkix.rib.20260105.0800.bz2;kr.rib.20260130.2000.bz2;linx.rib.20260109.1000.bz2;rv4.rib.20260102.0000.bz2;sg.rib.20260123.1800.bz2;syd.rib.20260127.2200.bz2;wide.rib.20260127.1600.bz2,p2c,45899.0,23999.0
24066,45554,8,bknix.rib.20260104.0200.bz2;hkix.rib.20260105.0800.bz2;kr.rib.20260130.2000.bz2;linx.rib.20260109.1000.bz2;rv4.rib.20260102.0000.bz2;sg.rib.20260123.1800.bz2;syd.rib.20260127.2200.bz2;wide.rib.20260127.1600.bz2,p2c,24066.0,45554.0
24066,45899,8,bknix.rib.20260104.0200.bz2;hkix.rib.20260105.0800.bz2;kr.rib.20260130.2000.bz2;linx.rib.20260109.1000.bz2;rv4.rib.20260102.0000.bz2;sg.rib.20260123.1800.bz2;syd.rib.20260127.2200.bz2;wide.rib.20260127.1600.bz2,p2c,45899.0,24066.0
24085,45896,7,hkix.rib.20260105.0800.bz2;kr.rib.20260130.2000.bz2;linx.rib.20260109.1000.bz2;rv4.rib.20260102.0000.bz2;sg.rib.20260123.1800.bz2;syd.rib.20260127.2200.bz2;wide.rib.20260127.1600.bz2,p2c,45896.0,24085.0
24085,45899,8,bknix.rib.20260104.0200.bz2;hkix.rib.20260105.0800.bz2;kr.rib.20260130.2000.bz2;linx.rib.20260109.1000.bz2;rv4.rib.20260102.0000.bz2;sg.rib.20260123.1800.bz2;syd.rib.20260127.2200.bz2;wide.rib.20260127.1600.bz2,p2c,45899.0,24085.0
24086,38731,2,rv4.rib.20260102.0000.bz2;sg.rib.20260123.1800.bz2,p2p,,
24088,38247,8,bknix.rib.20260104.0200.bz2;hkix.rib.20260105.0800.bz2;kr.rib.20260130.2000.bz2;linx.rib.20260109.1000.bz2;rv4.rib.20260102.0000.bz2;sg.rib.20260123.1800.bz2;syd.rib.20260127.2200.bz2;wide.rib.20260127.1600.bz2,p2c,24088.0,38247.0
24088,38253,8,bknix.rib.20260104.0200.bz2;hkix.rib.20260105.0800.bz2;kr.rib.20260130.2000.bz2;linx.rib.20260109.1000.bz2;rv4.rib.20260102.0000.bz2;sg.rib.20260123.1800.bz2;syd.rib.20260127.2200.bz2;wide.rib.20260127.1600.bz2,p2c,24088.0,38253.0
24088,38726,1,rv4.rib.20260102.0000.bz2,unknown,,
24088,45544,7,bknix.rib.20260104.0200.bz2;hkix.rib.20260105.0800.bz2;kr.rib.20260130.2000.bz2;linx.rib.20260109.1000.bz2;rv4.rib.20260102.0000.bz2;sg.rib.20260123.1800.bz2;syd.rib.20260127.2200.bz2,p2c,24088.0,45544.0
24088,45899,2,rv4.rib.20260102.0000.bz2;sg.rib.20260123.1800.bz2,p2c,45899.0,24088.0
24088,55307,1,linx.rib.20260109.1000.bz2,unknown,,
24088,63731,8,bknix.rib.20260104.0200.bz2;hkix.rib.20260105.0800.bz2;kr.rib.20260130.2000.bz2;linx.rib.20260109.1000.bz2;rv4.rib.20260102.0000.bz2;sg.rib.20260123.1800.bz2;syd.rib.20260127.2200.bz2;wide.rib.20260127.1600.bz2,p2c,24088.0,63731.0
24088,63751,7,bknix.rib.20260104.0200.bz2;kr.rib.20260130.2000.bz2;linx.rib.20260109.1000.bz2;rv4.rib.20260102.0000.bz2;sg.rib.20260123.1800.bz2;syd.rib.20260127.2200.bz2;wide.rib.20260127.1600.bz2,p2c,24088.0,63751.0
24088,63753,7,bknix.rib.20260104.0200.bz2;kr.rib.20260130.2000.bz2;linx.rib.20260109.1000.bz2;rv4.rib.20260102.0000.bz2;sg.rib.20260123.1800.bz2;syd.rib.20260127.2200.bz2;wide.rib.20260127.1600.bz2,p2c,24088.0,63753.0
24088,63755,4,kr.rib.20260130.2000.bz2;sg.rib.20260123.1800.bz2;syd.rib.20260127.2200.bz2;wide.rib.20260127.1600.bz2,unknown,,
24088,63760,7,hkix.rib.20260105.0800.bz2;kr.rib.20260130.2000.bz2;linx.rib.20260109.1000.bz2;rv4.rib.20260102.0000.bz2;sg.rib.20260123.1800.bz2;syd.rib.20260127.2200.bz2;wide.rib.20260127.1600.bz2,p2c,24088.0,63760.0
24088,131360,8,bknix.rib.20260104.0200.bz2;hkix.rib.20260105.0800.bz2;kr.rib.20260130.2000.bz2;linx.rib.20260109.1000.bz2;rv4.rib.20260102.0000.bz2;sg.rib.20260123.1800.bz2;syd.rib.20260127.2200.bz2;wide.rib.20260127.1600.bz2,p2c,24088.0,131360.0
24088,131376,8,bknix.rib.20260104.0200.bz2;hkix.rib.20260105.0800.bz2;kr.rib.20260130.2000.bz2;linx.rib.20260109.1000.bz2;rv4.rib.20260102.0000.bz2;sg.rib.20260123.1800.bz2;syd.rib.20260127.2200.bz2;wide.rib.20260127.1600.bz2,p2c,24088.0,131376.0
24088,131408,8,bknix.rib.20260104.0200.bz2;hkix.rib.20260105.0800.bz2;kr.rib.20260130.2000.bz2;linx.rib.20260109.1000.bz2;rv4.rib.20260102.0000.bz2;sg.rib.20260123.1800.bz2;syd.rib.20260127.2200.bz2;wide.rib.20260127.1600.bz2,p2c,24088.0,131408.0
24088,131413,8,bknix.rib.20260104.0200.bz2;hkix.rib.20260105.0800.bz2;kr.rib.20260130.2000.bz2;linx.rib.20260109.1000.bz2;rv4.rib.20260102.0000.bz2;sg.rib.20260123.1800.bz2;syd.rib.20260127.2200.bz2;wide.rib.20260127.1600.bz2,p2c,24088.0,131413.0
24088,131421,8,bknix.rib.20260104.0200.bz2;hkix.rib.20260105.0800.bz2;kr.rib.20260130.2000.bz2;linx.rib.20260109.1000.bz2;rv4.rib.20260102.0000.bz2;sg.rib.20260123.1800.bz2;syd.rib.20260127.2200.bz2;wide.rib.20260127.1600.bz2,p2c,24088.0,131421.0
24088,131434,8,bknix.rib.20260104.0200.bz2;hkix.rib.20260105.0800.bz2;kr.rib.20260130.2000.bz2;linx.rib.20260109.1000.bz2;rv4.rib.20260102.0000.bz2;sg.rib.20260123.1800.bz2;syd.rib.20260127.2200.bz2;wide.rib.20260127.1600.bz2,p2c,24088.0,131434.0
24088,131438,8,bknix.rib.20260104.0200.bz2;hkix.rib.20260105.0800.bz2;kr.rib.20260130.2000.bz2;linx.rib.20260109.1000.bz2;rv4.rib.20260102.0000.bz2;sg.rib.20260123.1800.bz2;syd.rib.20260127.2200.bz2;wide.rib.20260127.1600.bz2,p2c,24088.0,131438.0
24088,135909,8,bknix.rib.20260104.0200.bz2;hkix.rib.20260105.0800.bz2;kr.rib.20260130.2000.bz2;linx.rib.20260109.1000.bz2;rv4.rib.20260102.0000.bz2;sg.rib.20260123.1800.bz2;syd.rib.20260127.2200.bz2;wide.rib.20260127.1600.bz2,p2c,24088.0,135909.0
24088,135944,8,bknix.rib.20260104.0200.bz2;hkix.rib.20260105.0800.bz2;kr.rib.20260130.2000.bz2;linx.rib.20260109.1000.bz2;rv4.rib.20260102.0000.bz2;sg.rib.20260123.1800.bz2;syd.rib.20260127.2200.bz2;wide.rib.20260127.1600.bz2,p2c,24088.0,135944.0
24088,135952,7,bknix.rib.20260104.0200.bz2;kr.rib.20260130.2000.bz2;linx.rib.20260109.1000.bz2;rv4.rib.20260102.0000.bz2;sg.rib.20260123.1800.bz2;syd.rib.20260127.2200.bz2;wide.rib.20260127.1600.bz2,p2c,24088.0,135952.0
24088,135962,8,bknix.rib.20260104.0200.bz2;hkix.rib.20260105.0800.bz2;kr.rib.20260130.2000.bz2;linx.rib.20260109.1000.bz2;rv4.rib.20260102.0000.bz2;sg.rib.20260123.1800.bz2;syd.rib.20260127.2200.bz2;wide.rib.20260127.1600.bz2,p2c,24088.0,135962.0
24088,140750,8,bknix.rib.20260104.0200.bz2;hkix.rib.20260105.0800.bz2;kr.rib.20260130.2000.bz2;linx.rib.20260109.1000.bz2;rv4.rib.20260102.0000.bz2;sg.rib.20260123.1800.bz2;syd.rib.20260127.2200.bz2;wide.rib.20260127.1600.bz2,p2c,24088.0,140750.0
24088,140762,8,bknix.rib.20260104.0200.bz2;hkix.rib.20260105.0800.bz2;kr.rib.20260130.2000.bz2;linx.rib.20260109.1000.bz2;rv4.rib.20260102.0000.bz2;sg.rib.20260123.1800.bz2;syd.rib.20260127.2200.bz2;wide.rib.20260127.1600.bz2,unknown,,
24088,149087,7,bknix.rib.20260104.0200.bz2;hkix.rib.20260105.0800.bz2;kr.rib.20260130.2000.bz2;linx.rib.20260109.1000.bz2;sg.rib.20260123.1800.bz2;syd.rib.20260127.2200.bz2;wide.rib.20260127.1600.bz2,p2c,24088.0,149087.0
24088,149096,6,bknix.rib.20260104.0200.bz2;kr.rib.20260130.2000.bz2;linx.rib.20260109.1000.bz2;rv4.rib.20260102.0000.bz2;sg.rib.20260123.1800.bz2;syd.rib.20260127.2200.bz2,p2c,24088.0,149096.0
24088,150866,8,bknix.rib.20260104.0200.bz2;hkix.rib.20260105.0800.bz2;kr.rib.20260130.2000.bz2;linx.rib.20260109.1000.bz2;rv4.rib.20260102.0000.bz2;sg.rib.20260123.1800.bz2;syd.rib.20260127.2200.bz2;wide.rib.20260127.1600.bz2,p2c,24088.0,150866.0
24088,153013,8,bknix.rib.20260104.0200.bz2;hkix.rib.20260105.0800.bz2;kr.rib.20260130.2000.bz2;linx.rib.20260109.1000.bz2;rv4.rib.20260102.0000.bz2;sg.rib.20260123.1800.bz2;syd.rib.20260127.2200.bz2;wide.rib.20260127.1600.bz2,p2c,24088.0,153013.0
24089,45899,8,bknix.rib.20260104.0200.bz2;hkix.rib.20260105.0800.bz2;kr.rib.20260130.2000.bz2;linx.rib.20260109.1000.bz2;rv4.rib.20260102.0000.bz2;sg.rib.20260123.1800.bz2;syd.rib.20260127.2200.bz2;wide.rib.20260127.1600.bz2,p2c,45899.0,24089.0
24173,24175,8,bknix.rib.20260104.0200.bz2;hkix.rib.20260105.0800.bz2;kr.rib.20260130.2000.bz2;linx.rib.20260109.1000.bz2;rv4.rib.20260102.0000.bz2;sg.rib.20260123.1800.bz2;syd.rib.20260127.2200.bz2;wide.rib.20260127.1600.bz2,p2c,24173.0,24175.0
24173,24176,8,bknix.rib.20260104.0200.bz2;hkix.rib.20260105.0800.bz2;kr.rib.20260130.2000.bz2;linx.rib.20260109.1000.bz2;rv4.rib.20260102.0000.bz2;sg.rib.20260123.1800.bz2;syd.rib.20260127.2200.bz2;wide.rib.20260127.1600.bz2,p2c,24173.0,24176.0
24173,38726,1,rv4.rib.20260102.0000.bz2,unknown,,
24173,45541,7,hkix.rib.20260105.0800.bz2;kr.rib.20260130.2000.bz2;linx.rib.20260109.1000.bz2;rv4.rib.20260102.0000.bz2;sg.rib.20260123.1800.bz2;syd.rib.20260127.2200.bz2;wide.rib.20260127.1600.bz2,p2c,24173.0,45541.0
24173,45542,7,hkix.rib.20260105.0800.bz2;kr.rib.20260130.2000.bz2;linx.rib.20260109.1000.bz2;rv4.rib.20260102.0000.bz2;sg.rib.20260123.1800.bz2;syd.rib.20260127.2200.bz2;wide.rib.20260127.1600.bz2,p2c,24173.0,45542.0
24173,45556,3,linx.rib.20260109.1000.bz2;sg.rib.20260123.1800.bz2;syd.rib.20260127.2200.bz2,p2c,24173.0,45556.0
24173,45899,8,bknix.rib.20260104.0200.bz2;hkix.rib.20260105.0800.bz2;kr.rib.20260130.2000.bz2;linx.rib.20260109.1000.bz2;rv4.rib.20260102.0000.bz2;sg.rib.20260123.1800.bz2;syd.rib.20260127.2200.bz2;wide.rib.20260127.1600.bz2,p2c,45899.0,24173.0
24173,45900,4,linx.rib.20260109.1000.bz2;sg.rib.20260123.1800.bz2;syd.rib.20260127.2200.bz2;wide.rib.20260127.1600.bz2,unknown,,
24173,45903,8,bknix.rib.20260104.0200.bz2;hkix.rib.20260105.0800.bz2;kr.rib.20260130.2000.bz2;linx.rib.20260109.1000.bz2;rv4.rib.20260102.0000.bz2;sg.rib.20260123.1800.bz2;syd.rib.20260127.2200.bz2;wide.rib.20260127.1600.bz2,p2c,45903.0,24173.0
24173,55310,6,hkix.rib.20260105.0800.bz2;linx.rib.20260109.1000.bz2;rv4.rib.20260102.0000.bz2;sg.rib.20260123.1800.bz2;syd.rib.20260127.2200.bz2;wide.rib.20260127.1600.bz2,p2c,24173.0,55310.0
24173,56155,8,bknix.rib.20260104.0200.bz2;hkix.rib.20260105.0800.bz2;kr.rib.20260130.2000.bz2;linx.rib.20260109.1000.bz2;rv4.rib.20260102.0000.bz2;sg.rib.20260123.1800.bz2;syd.rib.20260127.2200.bz2;wide.rib.20260127.1600.bz2,p2c,24173.0,56155.0
24173,63746,7,hkix.rib.20260105.0800.bz2;kr.rib.20260130.2000.bz2;linx.rib.20260109.1000.bz2;rv4.rib.20260102.0000.bz2;sg.rib.20260123.1800.bz2;syd.rib.20260127.2200.bz2;wide.rib.20260127.1600.bz2,p2c,24173.0,63746.0
24173,131343,8,bknix.rib.20260104.0200.bz2;hkix.rib.20260105.0800.bz2;kr.rib.20260130.2000.bz2;linx.rib.20260109.1000.bz2;rv4.rib.20260102.0000.bz2;sg.rib.20260123.1800.bz2;syd.rib.20260127.2200.bz2;wide.rib.20260127.1600.bz2,p2c,24173.0,131343.0
24173,131369,7,hkix.rib.20260105.0800.bz2;kr.rib.20260130.2000.bz2;linx.rib.20260109.1000.bz2;rv4.rib.20260102.0000.bz2;sg.rib.20260123.1800.bz2;syd.rib.20260127.2200.bz2;wide.rib.20260127.1600.bz2,p2c,24173.0,131369.0
24173,131372,7,hkix.rib.20260105.0800.bz2;kr.rib.20260130.2000.bz2;linx.rib.20260109.1000.bz2;rv4.rib.20260102.0000.bz2;sg.rib.20260123.1800.bz2;syd.rib.20260127.2200.bz2;wide.rib.20260127.1600.bz2,p2c,24173.0,131372.0
24173,131373,8,bknix.rib.20260104.0200.bz2;hkix.rib.20260105.0800.bz2;kr.rib.20260130.2000.bz2;linx.rib.20260109.1000.bz2;rv4.rib.20260102.0000.bz2;sg.rib.20260123.1800.bz2;syd.rib.20260127.2200.bz2;wide.rib.20260127.1600.bz2,p2c,24173.0,131373.0
24173,131380,7,hkix.rib.20260105.0800.bz2;kr.rib.20260130.2000.bz2;linx.rib.20260109.1000.bz2;rv4.rib.20260102.0000.bz2;sg.rib.20260123.1800.bz2;syd.rib.20260127.2200.bz2;wide.rib.20260127.1600.bz2,p2c,24173.0,131380.0
24173,131417,7,hkix.rib.20260105.0800.bz2;kr.rib.20260130.2000.bz2;linx.rib.20260109.1000.bz2;rv4.rib.20260102.0000.bz2;sg.rib.20260123.1800.bz2;syd.rib.20260127.2200.bz2;wide.rib.20260127.1600.bz2,p2c,24173.0,131417.0
24173,131436,8,bknix.rib.20260104.0200.bz2;hkix.rib.20260105.0800.bz2;kr.rib.20260130.2000.bz2;linx.rib.20260109.1000.bz2;rv4.rib.20260102.0000.bz2;sg.rib.20260123.1800.bz2;syd.rib.20260127.2200.bz2;wide.rib.20260127.1600.bz2,p2c,24173.0,131436.0
24173,131439,6,kr.rib.20260130.2000.bz2;linx.rib.20260109.1000.bz2;rv4.rib.20260102.0000.bz2;sg.rib.20260123.1800.bz2;syd.rib.20260127.2200.bz2;wide.rib.20260127.1600.bz2,p2c,24173.0,131439.0
24173,135909,5,hkix.rib.20260105.0800.bz2;kr.rib.20260130.2000.bz2;linx.rib.20260109.1000.bz2;sg.rib.20260123.1800.bz2;syd.rib.20260127.2200.bz2,p2c,24173.0,135909.0
24173,135919,7,hkix.rib.20260105.0800.bz2;kr.rib.20260130.2000.bz2;linx.rib.20260109.1000.bz2;rv4.rib.20260102.0000.bz2;sg.rib.20260123.1800.bz2;syd.rib.20260127.2200.bz2;wide.rib.20260127.1600.bz2,p2c,24173.0,135919.0
24173,135929,7,hkix.rib.20260105.0800.bz2;kr.rib.20260130.2000.bz2;linx.rib.20260109.1000.bz2;rv4.rib.20260102.0000.bz2;sg.rib.20260123.1800.bz2;syd.rib.20260127.2200.bz2;wide.rib.20260127.1600.bz2,p2c,24173.0,135929.0
24173,135971,7,hkix.rib.20260105.0800.bz2;kr.rib.20260130.2000.bz2;linx.rib.20260109.1000.bz2;rv4.rib.20260102.0000.bz2;sg.rib.20260123.1800.bz2;syd.rib.20260127.2200.bz2;wide.rib.20260127.1600.bz2,p2c,24173.0,135971.0
24173,135978,7,hkix.rib.20260105.0800.bz2;kr.rib.20260130.2000.bz2;linx.rib.20260109.1000.bz2;rv4.rib.20260102.0000.bz2;sg.rib.20260123.1800.bz2;syd.rib.20260127.2200.bz2;wide.rib.20260127.1600.bz2,p2c,24173.0,135978.0
24173,140802,8,bknix.rib.20260104.0200.bz2;hkix.rib.20260105.0800.bz2;kr.rib.20260130.2000.bz2;linx.rib.20260109.1000.bz2;rv4.rib.20260102.0000.bz2;sg.rib.20260123.1800.bz2;syd.rib.20260127.2200.bz2;wide.rib.20260127.1600.bz2,p2c,24173.0,140802.0
24173,149159,8,bknix.rib.20260104.0200.bz2;hkix.rib.20260105.0800.bz2;kr.rib.20260130.2000.bz2;linx.rib.20260109.1000.bz2;rv4.rib.20260102.0000.bz2;sg.rib.20260123.1800.bz2;syd.rib.20260127.2200.bz2;wide.rib.20260127.1600.bz2,p2c,24173.0,149159.0
24173,153650,7,hkix.rib.20260105.0800.bz2;kr.rib.20260130.2000.bz2;linx.rib.20260109.1000.bz2;rv4.rib.20260102.0000.bz2;sg.rib.20260123.1800.bz2;syd.rib.20260127.2200.bz2;wide.rib.20260127.1600.bz2,p2c,24173.0,153650.0
24173,154053,7,hkix.rib.20260105.0800.bz2;kr.rib.20260130.2000.bz2;linx.rib.20260109.1000.bz2;rv4.rib.20260102.0000.bz2;sg.rib.20260123.1800.bz2;syd.rib.20260127.2200.bz2;wide.rib.20260127.1600.bz2,p2c,24173.0,154053.0
24174,45899,7,hkix.rib.20260105.0800.bz2;kr.rib.20260130.2000.bz2;linx.rib.20260109.1000.bz2;rv4.rib.20260102.0000.bz2;sg.rib.20260123.1800.bz2;syd.rib.20260127.2200.bz2;wide.rib.20260127.1600.bz2,p2c,45899.0,24174.0
24174,131127,4,hkix.rib.20260105.0800.bz2;linx.rib.20260109.1000.bz2;rv4.rib.20260102.0000.bz2;sg.rib.20260123.1800.bz2,p2c,131127.0,24174.0
38244,45543,8,bknix.rib.20260104.0200.bz2;hkix.rib.20260105.0800.bz2;kr.rib.20260130.2000.bz2;linx.rib.20260109.1000.bz2;rv4.rib.20260102.0000.bz2;sg.rib.20260123.1800.bz2;syd.rib.20260127.2200.bz2;wide.rib.20260127.1600.bz2,p2c,45543.0,38244.0
38244,45903,8,bknix.rib.20260104.0200.bz2;hkix.rib.20260105.0800.bz2;kr.rib.20260130.2000.bz2;linx.rib.20260109.1000.bz2;rv4.rib.20260102.0000.bz2;sg.rib.20260123.1800.bz2;syd.rib.20260127.2200.bz2;wide.rib.20260127.1600.bz2,p2c,45903.0,38244.0
38244,131440,8,bknix.rib.20260104.0200.bz2;hkix.rib.20260105.0800.bz2;kr.rib.20260130.2000.bz2;linx.rib.20260109.1000.bz2;rv4.rib.20260102.0000.bz2;sg.rib.20260123.1800.bz2;syd.rib.20260127.2200.bz2;wide.rib.20260127.1600.bz2,p2c,38244.0,131440.0
38244,135944,8,bknix.rib.20260104.0200.bz2;hkix.rib.20260105.0800.bz2;kr.rib.20260130.2000.bz2;linx.rib.20260109.1000.bz2;rv4.rib.20260102.0000.bz2;sg.rib.20260123.1800.bz2;syd.rib.20260127.2200.bz2;wide.rib.20260127.1600.bz2,p2c,38244.0,135944.0
38244,150856,8,bknix.rib.20260104.0200.bz2;hkix.rib.20260105.0800.bz2;kr.rib.20260130.2000.bz2;linx.rib.20260109.1000.bz2;rv4.rib.20260102.0000.bz2;sg.rib.20260123.1800.bz2;syd.rib.20260127.2200.bz2;wide.rib.20260127.1600.bz2,p2c,38244.0,150856.0
38244,154105,8,bknix.rib.20260104.0200.bz2;hkix.rib.20260105.0800.bz2;kr.rib.20260130.2000.bz2;linx.rib.20260109.1000.bz2;rv4.rib.20260102.0000.bz2;sg.rib.20260123.1800.bz2;syd.rib.20260127.2200.bz2;wide.rib.20260127.1600.bz2,p2c,38244.0,154105.0
38244,154106,8,bknix.rib.20260104.0200.bz2;hkix.rib.20260105.0800.bz2;kr.rib.20260130.2000.bz2;linx.rib.20260109.1000.bz2;rv4.rib.20260102.0000.bz2;sg.rib.20260123.1800.bz2;syd.rib.20260127.2200.bz2;wide.rib.20260127.1600.bz2,p2c,38244.0,154106.0
38247,45903,8,bknix.rib.20260104.0200.bz2;hkix.rib.20260105.0800.bz2;kr.rib.20260130.2000.bz2;linx.rib.20260109.1000.bz2;rv4.rib.20260102.0000.bz2;sg.rib.20260123.1800.bz2;syd.rib.20260127.2200.bz2;wide.rib.20260127.1600.bz2,p2c,45903.0,38247.0
38248,38726,8,bknix.rib.20260104.0200.bz2;hkix.rib.20260105.0800.bz2;kr.rib.20260130.2000.bz2;linx.rib.20260109.1000.bz2;rv4.rib.20260102.0000.bz2;sg.rib.20260123.1800.bz2;syd.rib.20260127.2200.bz2;wide.rib.20260127.1600.bz2,p2c,38726.0,38248.0
38248,38731,1,sg.rib.20260123.1800.bz2,p2c,38731.0,38248.0
38248,45896,7,hkix.rib.20260105.0800.bz2;kr.rib.20260130.2000.bz2;linx.rib.20260109.1000.bz2;rv4.rib.20260102.0000.bz2;sg.rib.20260123.1800.bz2;syd.rib.20260127.2200.bz2;wide.rib.20260127.1600.bz2,p2c,45896.0,38248.0
38248,45899,1,sg.rib.20260123.1800.bz2,unknown,,
38249,45899,1,kr.rib.20260130.2000.bz2,unknown,,
38249,55309,7,hkix.rib.20260105.0800.bz2;kr.rib.20260130.2000.bz2;linx.rib.20260109.1000.bz2;rv4.rib.20260102.0000.bz2;sg.rib.20260123.1800.bz2;syd.rib.20260127.2200.bz2;wide.rib.20260127.1600.bz2,p2c,55309.0,38249.0
38249,63731,8,bknix.rib.20260104.0200.bz2;hkix.rib.20260105.0800.bz2;kr.rib.20260130.2000.bz2;linx.rib.20260109.1000.bz2;rv4.rib.20260102.0000.bz2;sg.rib.20260123.1800.bz2;syd.rib.20260127.2200.bz2;wide.rib.20260127.1600.bz2,p2c,63731.0,38249.0
38251,45896,6,hkix.rib.20260105.0800.bz2;linx.rib.20260109.1000.bz2;rv4.rib.20260102.0000.bz2;sg.rib.20260123.1800.bz2;syd.rib.20260127.2200.bz2;wide.rib.20260127.1600.bz2,p2c,45896.0,38251.0
38253,45903,8,bknix.rib.20260104.0200.bz2;hkix.rib.20260105.0800.bz2;kr.rib.20260130.2000.bz2;linx.rib.20260109.1000.bz2;rv4.rib.20260102.0000.bz2;sg.rib.20260123.1800.bz2;syd.rib.20260127.2200.bz2;wide.rib.20260127.1600.bz2,p2c,45903.0,38253.0
38726,45896,8,bknix.rib.20260104.0200.bz2;hkix.rib.20260105.0800.bz2;kr.rib.20260130.2000.bz2;linx.rib.20260109.1000.bz2;rv4.rib.20260102.0000.bz2;sg.rib.20260123.1800.bz2;syd.rib.20260127.2200.bz2;wide.rib.20260127.1600.bz2,p2c,45896.0,38726.0
38726,45899,7,hkix.rib.20260105.0800.bz2;kr.rib.20260130.2000.bz2;linx.rib.20260109.1000.bz2;rv4.rib.20260102.0000.bz2;sg.rib.20260123.1800.bz2;syd.rib.20260127.2200.bz2;wide.rib.20260127.1600.bz2,p2c,45899.0,38726.0
38726,45903,7,hkix.rib.20260105.0800.bz2;kr.rib.20260130.2000.bz2;linx.rib.20260109.1000.bz2;rv4.rib.20260102.0000.bz2;sg.rib.20260123.1800.bz2;syd.rib.20260127.2200.bz2;wide.rib.20260127.1600.bz2,p2c,45903.0,38726.0
38726,131422,8,bknix.rib.20260104.0200.bz2;hkix.rib.20260105.0800.bz2;kr.rib.20260130.2000.bz2;linx.rib.20260109.1000.bz2;rv4.rib.20260102.0000.bz2;sg.rib.20260123.1800.bz2;syd.rib.20260127.2200.bz2;wide.rib.20260127.1600.bz2,p2c,38726.0,131422.0
38726,131429,1,rv4.rib.20260102.0000.bz2,unknown,,
38727,45899,7,hkix.rib.20260105.0800.bz2;kr.rib.20260130.2000.bz2;linx.rib.20260109.1000.bz2;rv4.rib.20260102.0000.bz2;sg.rib.20260123.1800.bz2;syd.rib.20260127.2200.bz2;wide.rib.20260127.1600.bz2,p2c,45899.0,38727.0
38730,45896,6,hkix.rib.20260105.0800.bz2;linx.rib.20260109.1000.bz2;rv4.rib.20260102.0000.bz2;sg.rib.20260123.1800.bz2;syd.rib.20260127.2200.bz2;wide.rib.20260127.1600.bz2,p2c,45896.0,38730.0
38730,45899,7,hkix.rib.20260105.0800.bz2;kr.rib.20260130.2000.bz2;linx.rib.20260109.1000.bz2;rv4.rib.20260102.0000.bz2;sg.rib.20260123.1800.bz2;syd.rib.20260127.2200.bz2;wide.rib.20260127.1600.bz2,p2c,45899.0,38730.0
38731,38738,7,hkix.rib.20260105.0800.bz2;kr.rib.20260130.2000.bz2;linx.rib.20260109.1000.bz2;rv4.rib.20260102.0000.bz2;sg.rib.20260123.1800.bz2;syd.rib.20260127.2200.bz2;wide.rib.20260127.1600.bz2,p2c,38731.0,38738.0
38731,45543,1,sg.rib.20260123.1800.bz2,p2c,38731.0,45543.0
38731,45551,7,hkix.rib.20260105.0800.bz2;kr.rib.20260130.2000.bz2;linx.rib.20260109.1000.bz2;rv4.rib.20260102.0000.bz2;sg.rib.20260123.1800.bz2;syd.rib.20260127.2200.bz2;wide.rib.20260127.1600.bz2,p2c,38731.0,45551.0
38731,45894,1,sg.rib.20260123.1800.bz2,p2c,38731.0,45894.0
38731,55309,7,hkix.rib.20260105.0800.bz2;kr.rib.20260130.2000.bz2;linx.rib.20260109.1000.bz2;rv4.rib.20260102.0000.bz2;sg.rib.20260123.1800.bz2;syd.rib.20260127.2200.bz2;wide.rib.20260127.1600.bz2,p2p,,
38731,55320,8,bknix.rib.20260104.0200.bz2;hkix.rib.20260105.0800.bz2;kr.rib.20260130.2000.bz2;linx.rib.20260109.1000.bz2;rv4.rib.20260102.0000.bz2;sg.rib.20260123.1800.bz2;syd.rib.20260127.2200.bz2;wide.rib.20260127.1600.bz2,p2c,38731.0,55320.0
38731,56150,8,bknix.rib.20260104.0200.bz2;hkix.rib.20260105.0800.bz2;kr.rib.20260130.2000.bz2;linx.rib.20260109.1000.bz2;rv4.rib.20260102.0000.bz2;sg.rib.20260123.1800.bz2;syd.rib.20260127.2200.bz2;wide.rib.20260127.1600.bz2,p2c,38731.0,56150.0
38731,56153,7,hkix.rib.20260105.0800.bz2;kr.rib.20260130.2000.bz2;linx.rib.20260109.1000.bz2;rv4.rib.20260102.0000.bz2;sg.rib.20260123.1800.bz2;syd.rib.20260127.2200.bz2;wide.rib.20260127.1600.bz2,p2c,38731.0,56153.0
38731,56158,7,hkix.rib.20260105.0800.bz2;kr.rib.20260130.2000.bz2;linx.rib.20260109.1000.bz2;rv4.rib.20260102.0000.bz2;sg.rib.20260123.1800.bz2;syd.rib.20260127.2200.bz2;wide.rib.20260127.1600.bz2,p2c,38731.0,56158.0
38731,63730,8,bknix.rib.20260104.0200.bz2;hkix.rib.20260105.0800.bz2;kr.rib.20260130.2000.bz2;linx.rib.20260109.1000.bz2;rv4.rib.20260102.0000.bz2;sg.rib.20260123.1800.bz2;syd.rib.20260127.2200.bz2;wide.rib.20260127.1600.bz2,p2c,38731.0,63730.0
38731,63731,1,linx.rib.20260109.1000.bz2,p2c,38731.0,63731.0
38731,63740,7,hkix.rib.20260105.0800.bz2;kr.rib.20260130.2000.bz2;linx.rib.20260109.1000.bz2;rv4.rib.20260102.0000.bz2;sg.rib.20260123.1800.bz2;syd.rib.20260127.2200.bz2;wide.rib.20260127.1600.bz2,p2c,38731.0,63740.0
38731,63759,7,hkix.rib.20260105.0800.bz2;kr.rib.20260130.2000.bz2;linx.rib.20260109.1000.bz2;rv4.rib.20260102.0000.bz2;sg.rib.20260123.1800.bz2;syd.rib.20260127.2200.bz2;wide.rib.20260127.1600.bz2,p2c,38731.0,63759.0
38731,63760,1,sg.rib.20260123.1800.bz2,p2c,38731.0,63760.0
38731,63765,7,hkix.rib.20260105.0800.bz2;kr.rib.20260130.2000.bz2;linx.rib.20260109.1000.bz2;rv4.rib.20260102.0000.bz2;sg.rib.20260123.1800.bz2;syd.rib.20260127.2200.bz2;wide.rib.20260127.1600.bz2,p2c,38731.0,63765.0
38731,63766,7,hkix.rib.20260105.0800.bz2;kr.rib.20260130.2000.bz2;linx.rib.20260109.1000.bz2;rv4.rib.20260102.0000.bz2;sg.rib.20260123.1800.bz2;syd.rib.20260127.2200.bz2;wide.rib.20260127.1600.bz2,p2c,38731.0,63766.0
38731,131353,7,hkix.rib.20260105.0800.bz2;kr.rib.20260130.2000.bz2;linx.rib.20260109.1000.bz2;rv4.rib.20260102.0000.bz2;sg.rib.20260123.1800.bz2;syd.rib.20260127.2200.bz2;wide.rib.20260127.1600.bz2,p2c,38731.0,131353.0
38731,131367,7,hkix.rib.20260105.0800.bz2;kr.rib.20260130.2000.bz2;linx.rib.20260109.1000.bz2;rv4.rib.20260102.0000.bz2;sg.rib.20260123.1800.bz2;syd.rib.20260127.2200.bz2;wide.rib.20260127.1600.bz2,p2c,38731.0,131367.0
38731,131378,8,bknix.rib.20260104.0200.bz2;hkix.rib.20260105.0800.bz2;kr.rib.20260130.2000.bz2;linx.rib.20260109.1000.bz2;rv4.rib.20260102.0000.bz2;sg.rib.20260123.1800.bz2;syd.rib.20260127.2200.bz2;wide.rib.20260127.1600.bz2,p2c,38731.0,131378.0
38731,131382,7,hkix.rib.20260105.0800.bz2;kr.rib.20260130.2000.bz2;linx.rib.20260109.1000.bz2;rv4.rib.20260102.0000.bz2;sg.rib.20260123.1800.bz2;syd.rib.20260127.2200.bz2;wide.rib.20260127.1600.bz2,p2c,38731.0,131382.0
38731,131386,8,bknix.rib.20260104.0200.bz2;hkix.rib.20260105.0800.bz2;kr.rib.20260130.2000.bz2;linx.rib.20260109.1000.bz2;rv4.rib.20260102.0000.bz2;sg.rib.20260123.1800.bz2;syd.rib.20260127.2200.bz2;wide.rib.20260127.1600.bz2,p2c,38731.0,131386.0
38731,131392,8,bknix.rib.20260104.0200.bz2;hkix.rib.20260105.0800.bz2;kr.rib.20260130.2000.bz2;linx.rib.20260109.1000.bz2;rv4.rib.20260102.0000.bz2;sg.rib.20260123.1800.bz2;syd.rib.20260127.2200.bz2;wide.rib.20260127.1600.bz2,p2c,38731.0,131392.0
38731,131404,7,hkix.rib.20260105.0800.bz2;kr.rib.20260130.2000.bz2;linx.rib.20260109.1000.bz2;rv4.rib.20260102.0000.bz2;sg.rib.20260123.1800.bz2;syd.rib.20260127.2200.bz2;wide.rib.20260127.1600.bz2,p2c,38731.0,131404.0
38731,131418,7,hkix.rib.20260105.0800.bz2;kr.rib.20260130.2000.bz2;linx.rib.20260109.1000.bz2;rv4.rib.20260102.0000.bz2;sg.rib.20260123.1800.bz2;syd.rib.20260127.2200.bz2;wide.rib.20260127.1600.bz2,p2c,38731.0,131418.0
38731,131425,7,hkix.rib.20260105.0800.bz2;kr.rib.20260130.2000.bz2;linx.rib.20260109.1000.bz2;rv4.rib.20260102.0000.bz2;sg.rib.20260123.1800.bz2;syd.rib.20260127.2200.bz2;wide.rib.20260127.1600.bz2,p2c,38731.0,131425.0
38731,131426,7,hkix.rib.20260105.0800.bz2;kr.rib.20260130.2000.bz2;linx.rib.20260109.1000.bz2;rv4.rib.20260102.0000.bz2;sg.rib.20260123.1800.bz2;syd.rib.20260127.2200.bz2;wide.rib.20260127.1600.bz2,p2c,38731.0,131426.0
38731,131427,7,hkix.rib.20260105.0800.bz2;kr.rib.20260130.2000.bz2;linx.rib.20260109.1000.bz2;rv4.rib.20260102.0000.bz2;sg.rib.20260123.1800.bz2;syd.rib.20260127.2200.bz2;wide.rib.20260127.1600.bz2,p2c,38731.0,131427.0
38731,131428,7,hkix.rib.20260105.0800.bz2;kr.rib.20260130.2000.bz2;linx.rib.20260109.1000.bz2;rv4.rib.20260102.0000.bz2;sg.rib.20260123.1800.bz2;syd.rib.20260127.2200.bz2;wide.rib.20260127.1600.bz2,p2c,38731.0,131428.0
38731,131435,7,hkix.rib.20260105.0800.bz2;kr.rib.20260130.2000.bz2;linx.rib.20260109.1000.bz2;rv4.rib.20260102.0000.bz2;sg.rib.20260123.1800.bz2;syd.rib.20260127.2200.bz2;wide.rib.20260127.1600.bz2,p2c,38731.0,131435.0
38731,131436,8,bknix.rib.20260104.0200.bz2;hkix.rib.20260105.0800.bz2;kr.rib.20260130.2000.bz2;linx.rib.20260109.1000.bz2;rv4.rib.20260102.0000.bz2;sg.rib.20260123.1800.bz2;syd.rib.20260127.2200.bz2;wide.rib.20260127.1600.bz2,p2c,38731.0,131436.0
38731,131439,7,hkix.rib.20260105.0800.bz2;kr.rib.20260130.2000.bz2;linx.rib.20260109.1000.bz2;rv4.rib.20260102.0000.bz2;sg.rib.20260123.1800.bz2;syd.rib.20260127.2200.bz2;wide.rib.20260127.1600.bz2,p2c,38731.0,131439.0
38731,135912,8,bknix.rib.20260104.0200.bz2;hkix.rib.20260105.0800.bz2;kr.rib.20260130.2000.bz2;linx.rib.20260109.1000.bz2;rv4.rib.20260102.0000.bz2;sg.rib.20260123.1800.bz2;syd.rib.20260127.2200.bz2;wide.rib.20260127.1600.bz2,p2c,38731.0,135912.0
38731,135915,8,bknix.rib.20260104.0200.bz2;hkix.rib.20260105.0800.bz2;kr.rib.20260130.2000.bz2;linx.rib.20260109.1000.bz2;rv4.rib.20260102.0000.bz2;sg.rib.20260123.1800.bz2;syd.rib.20260127.2200.bz2;wide.rib.20260127.1600.bz2,p2c,38731.0,135915.0
38731,135917,7,hkix.rib.20260105.0800.bz2;kr.rib.20260130.2000.bz2;linx.rib.20260109.1000.bz2;rv4.rib.20260102.0000.bz2;sg.rib.20260123.1800.bz2;syd.rib.20260127.2200.bz2;wide.rib.20260127.1600.bz2,p2c,38731.0,135917.0
38731,135918,2,rv4.rib.20260102.0000.bz2;sg.rib.20260123.1800.bz2,unknown,,
38731,135919,7,hkix.rib.20260105.0800.bz2;kr.rib.20260130.2000.bz2;linx.rib.20260109.1000.bz2;rv4.rib.20260102.0000.bz2;sg.rib.20260123.1800.bz2;syd.rib.20260127.2200.bz2;wide.rib.20260127.1600.bz2,p2c,38731.0,135919.0
38731,135932,7,hkix.rib.20260105.0800.bz2;kr.rib.20260130.2000.bz2;linx.rib.20260109.1000.bz2;rv4.rib.20260102.0000.bz2;sg.rib.20260123.1800.bz2;syd.rib.20260127.2200.bz2;wide.rib.20260127.1600.bz2,p2c,38731.0,135932.0
38731,135937,7,hkix.rib.20260105.0800.bz2;kr.rib.20260130.2000.bz2;linx.rib.20260109.1000.bz2;rv4.rib.20260102.0000.bz2;sg.rib.20260123.1800.bz2;syd.rib.20260127.2200.bz2;wide.rib.20260127.1600.bz2,p2c,38731.0,135937.0
38731,135942,8,bknix.rib.20260104.0200.bz2;hkix.rib.20260105.0800.bz2;kr.rib.20260130.2000.bz2;linx.rib.20260109.1000.bz2;rv4.rib.20260102.0000.bz2;sg.rib.20260123.1800.bz2;syd.rib.20260127.2200.bz2;wide.rib.20260127.1600.bz2,p2c,38731.0,135942.0
38731,135944,4,kr.rib.20260130.2000.bz2;sg.rib.20260123.1800.bz2;syd.rib.20260127.2200.bz2;wide.rib.20260127.1600.bz2,unknown,,
38731,135947,7,hkix.rib.20260105.0800.bz2;kr.rib.20260130.2000.bz2;linx.rib.20260109.1000.bz2;rv4.rib.20260102.0000.bz2;sg.rib.20260123.1800.bz2;syd.rib.20260127.2200.bz2;wide.rib.20260127.1600.bz2,p2c,38731.0,135947.0
38731,135951,5,hkix.rib.20260105.0800.bz2;linx.rib.20260109.1000.bz2;rv4.rib.20260102.0000.bz2;sg.rib.20260123.1800.bz2;syd.rib.20260127.2200.bz2,p2c,38731.0,135951.0
38731,135952,1,linx.rib.20260109.1000.bz2,p2c,38731.0,135952.0
38731,135953,7,hkix.rib.20260105.0800.bz2;kr.rib.20260130.2000.bz2;linx.rib.20260109.1000.bz2;rv4.rib.20260102.0000.bz2;sg.rib.20260123.1800.bz2;syd.rib.20260127.2200.bz2;wide.rib.20260127.1600.bz2,p2c,38731.0,135953.0
38731,135958,7,hkix.rib.20260105.0800.bz2;kr.rib.20260130.2000.bz2;linx.rib.20260109.1000.bz2;rv4.rib.20260102.0000.bz2;sg.rib.20260123.1800.bz2;syd.rib.20260127.2200.bz2;wide.rib.20260127.1600.bz2,p2c,38731.0,135958.0
38731,135959,8,bknix.rib.20260104.0200.bz2;hkix.rib.20260105.0800.bz2;kr.rib.20260130.2000.bz2;linx.rib.20260109.1000.bz2;rv4.rib.20260102.0000.bz2;sg.rib.20260123.1800.bz2;syd.rib.20260127.2200.bz2;wide.rib.20260127.1600.bz2,p2c,38731.0,135959.0
38731,135961,7,hkix.rib.20260105.0800.bz2;kr.rib.20260130.2000.bz2;linx.rib.20260109.1000.bz2;rv4.rib.20260102.0000.bz2;sg.rib.20260123.1800.bz2;syd.rib.20260127.2200.bz2;wide.rib.20260127.1600.bz2,p2c,38731.0,135961.0
38731,135986,8,bknix.rib.20260104.0200.bz2;hkix.rib.20260105.0800.bz2;kr.rib.20260130.2000.bz2;linx.rib.20260109.1000.bz2;rv4.rib.20260102.0000.bz2;sg.rib.20260123.1800.bz2;syd.rib.20260127.2200.bz2;wide.rib.20260127.1600.bz2,p2c,38731.0,135986.0
38731,135987,8,bknix.rib.20260104.0200.bz2;hkix.rib.20260105.0800.bz2;kr.rib.20260130.2000.bz2;linx.rib.20260109.1000.bz2;rv4.rib.20260102.0000.bz2;sg.rib.20260123.1800.bz2;syd.rib.20260127.2200.bz2;wide.rib.20260127.1600.bz2,p2c,38731.0,135987.0
38731,135988,7,hkix.rib.20260105.0800.bz2;kr.rib.20260130.2000.bz2;linx.rib.20260109.1000.bz2;rv4.rib.20260102.0000.bz2;sg.rib.20260123.1800.bz2;syd.rib.20260127.2200.bz2;wide.rib.20260127.1600.bz2,p2c,38731.0,135988.0
38731,135990,1,linx.rib.20260109.1000.bz2,p2c,38731.0,135990.0
38731,135994,7,hkix.rib.20260105.0800.bz2;kr.rib.20260130.2000.bz2;linx.rib.20260109.1000.bz2;rv4.rib.20260102.0000.bz2;sg.rib.20260123.1800.bz2;syd.rib.20260127.2200.bz2;wide.rib.20260127.1600.bz2,p2c,38731.0,135994.0
38731,140742,8,bknix.rib.20260104.0200.bz2;hkix.rib.20260105.0800.bz2;kr.rib.20260130.2000.bz2;linx.rib.20260109.1000.bz2;rv4.rib.20260102.0000.bz2;sg.rib.20260123.1800.bz2;syd.rib.20260127.2200.bz2;wide.rib.20260127.1600.bz2,p2c,38731.0,140742.0
38731,140745,6,hkix.rib.20260105.0800.bz2;linx.rib.20260109.1000.bz2;rv4.rib.20260102.0000.bz2;sg.rib.20260123.1800.bz2;syd.rib.20260127.2200.bz2;wide.rib.20260127.1600.bz2,p2c,38731.0,140745.0
38731,140762,7,hkix.rib.20260105.0800.bz2;kr.rib.20260130.2000.bz2;linx.rib.20260109.1000.bz2;rv4.rib.20260102.0000.bz2;sg.rib.20260123.1800.bz2;syd.rib.20260127.2200.bz2;wide.rib.20260127.1600.bz2,p2c,38731.0,140762.0
38731,140770,1,linx.rib.20260109.1000.bz2,p2c,38731.0,140770.0
38731,140787,8,bknix.rib.20260104.0200.bz2;hkix.rib.20260105.0800.bz2;kr.rib.20260130.2000.bz2;linx.rib.20260109.1000.bz2;rv4.rib.20260102.0000.bz2;sg.rib.20260123.1800.bz2;syd.rib.20260127.2200.bz2;wide.rib.20260127.1600.bz2,p2c,38731.0,140787.0
38731,140811,7,hkix.rib.20260105.0800.bz2;kr.rib.20260130.2000.bz2;linx.rib.20260109.1000.bz2;rv4.rib.20260102.0000.bz2;sg.rib.20260123.1800.bz2;syd.rib.20260127.2200.bz2;wide.rib.20260127.1600.bz2,p2c,38731.0,140811.0
38731,140813,4,hkix.rib.20260105.0800.bz2;kr.rib.20260130.2000.bz2;linx.rib.20260109.1000.bz2;sg.rib.20260123.1800.bz2,p2c,38731.0,140813.0
38731,140822,8,bknix.rib.20260104.0200.bz2;hkix.rib.20260105.0800.bz2;kr.rib.20260130.2000.bz2;linx.rib.20260109.1000.bz2;rv4.rib.20260102.0000.bz2;sg.rib.20260123.1800.bz2;syd.rib.20260127.2200.bz2;wide.rib.20260127.1600.bz2,p2c,38731.0,140822.0
38731,140830,1,rv4.rib.20260102.0000.bz2,unknown,,
38731,140831,8,bknix.rib.20260104.0200.bz2;hkix.rib.20260105.0800.bz2;kr.rib.20260130.2000.bz2;linx.rib.20260109.1000.bz2;rv4.rib.20260102.0000.bz2;sg.rib.20260123.1800.bz2;syd.rib.20260127.2200.bz2;wide.rib.20260127.1600.bz2,p2c,38731.0,140831.0
38731,140832,7,hkix.rib.20260105.0800.bz2;kr.rib.20260130.2000.bz2;linx.rib.20260109.1000.bz2;rv4.rib.20260102.0000.bz2;sg.rib.20260123.1800.bz2;syd.rib.20260127.2200.bz2;wide.rib.20260127.1600.bz2,p2c,38731.0,140832.0
38731,149098,7,hkix.rib.20260105.0800.bz2;kr.rib.20260130.2000.bz2;linx.rib.20260109.1000.bz2;rv4.rib.20260102.0000.bz2;sg.rib.20260123.1800.bz2;syd.rib.20260127.2200.bz2;wide.rib.20260127.1600.bz2,p2c,38731.0,149098.0
38731,149109,7,hkix.rib.20260105.0800.bz2;kr.rib.20260130.2000.bz2;linx.rib.20260109.1000.bz2;rv4.rib.20260102.0000.bz2;sg.rib.20260123.1800.bz2;syd.rib.20260127.2200.bz2;wide.rib.20260127.1600.bz2,p2c,38731.0,149109.0
38731,149113,7,hkix.rib.20260105.0800.bz2;kr.rib.20260130.2000.bz2;linx.rib.20260109.1000.bz2;rv4.rib.20260102.0000.bz2;sg.rib.20260123.1800.bz2;syd.rib.20260127.2200.bz2;wide.rib.20260127.1600.bz2,p2c,38731.0,149113.0
38731,149117,7,hkix.rib.20260105.0800.bz2;kr.rib.20260130.2000.bz2;linx.rib.20260109.1000.bz2;rv4.rib.20260102.0000.bz2;sg.rib.20260123.1800.bz2;syd.rib.20260127.2200.bz2;wide.rib.20260127.1600.bz2,p2c,38731.0,149117.0
38731,149137,8,bknix.rib.20260104.0200.bz2;hkix.rib.20260105.0800.bz2;kr.rib.20260130.2000.bz2;linx.rib.20260109.1000.bz2;rv4.rib.20260102.0000.bz2;sg.rib.20260123.1800.bz2;syd.rib.20260127.2200.bz2;wide.rib.20260127.1600.bz2,p2c,38731.0,149137.0
38731,149146,8,bknix.rib.20260104.0200.bz2;hkix.rib.20260105.0800.bz2;kr.rib.20260130.2000.bz2;linx.rib.20260109.1000.bz2;rv4.rib.20260102.0000.bz2;sg.rib.20260123.1800.bz2;syd.rib.20260127.2200.bz2;wide.rib.20260127.1600.bz2,p2c,38731.0,149146.0
38731,149147,8,bknix.rib.20260104.0200.bz2;hkix.rib.20260105.0800.bz2;kr.rib.20260130.2000.bz2;linx.rib.20260109.1000.bz2;rv4.rib.20260102.0000.bz2;sg.rib.20260123.1800.bz2;syd.rib.20260127.2200.bz2;wide.rib.20260127.1600.bz2,p2c,38731.0,149147.0
38731,150821,7,hkix.rib.20260105.0800.bz2;kr.rib.20260130.2000.bz2;linx.rib.20260109.1000.bz2;rv4.rib.20260102.0000.bz2;sg.rib.20260123.1800.bz2;syd.rib.20260127.2200.bz2;wide.rib.20260127.1600.bz2,p2c,38731.0,150821.0
38731,150837,8,bknix.rib.20260104.0200.bz2;hkix.rib.20260105.0800.bz2;kr.rib.20260130.2000.bz2;linx.rib.20260109.1000.bz2;rv4.rib.20260102.0000.bz2;sg.rib.20260123.1800.bz2;syd.rib.20260127.2200.bz2;wide.rib.20260127.1600.bz2,p2c,38731.0,150837.0
38731,150866,2,hkix.rib.20260105.0800.bz2;sg.rib.20260123.1800.bz2,p2c,38731.0,150866.0
38731,151855,7,hkix.rib.20260105.0800.bz2;kr.rib.20260130.2000.bz2;linx.rib.20260109.1000.bz2;rv4.rib.20260102.0000.bz2;sg.rib.20260123.1800.bz2;syd.rib.20260127.2200.bz2;wide.rib.20260127.1600.bz2,p2c,38731.0,151855.0
38731,151858,8,bknix.rib.20260104.0200.bz2;hkix.rib.20260105.0800.bz2;kr.rib.20260130.2000.bz2;linx.rib.20260109.1000.bz2;rv4.rib.20260102.0000.bz2;sg.rib.20260123.1800.bz2;syd.rib.20260127.2200.bz2;wide.rib.20260127.1600.bz2,p2c,38731.0,151858.0
38731,151908,8,bknix.rib.20260104.0200.bz2;hkix.rib.20260105.0800.bz2;kr.rib.20260130.2000.bz2;linx.rib.20260109.1000.bz2;rv4.rib.20260102.0000.bz2;sg.rib.20260123.1800.bz2;syd.rib.20260127.2200.bz2;wide.rib.20260127.1600.bz2,p2c,38731.0,151908.0
38731,152994,1,linx.rib.20260109.1000.bz2,p2c,38731.0,152994.0
38731,153003,8,bknix.rib.20260104.0200.bz2;hkix.rib.20260105.0800.bz2;kr.rib.20260130.2000.bz2;linx.rib.20260109.1000.bz2;rv4.rib.20260102.0000.bz2;sg.rib.20260123.1800.bz2;syd.rib.20260127.2200.bz2;wide.rib.20260127.1600.bz2,p2c,38731.0,153003.0
38731,153022,7,hkix.rib.20260105.0800.bz2;kr.rib.20260130.2000.bz2;linx.rib.20260109.1000.bz2;rv4.rib.20260102.0000.bz2;sg.rib.20260123.1800.bz2;syd.rib.20260127.2200.bz2;wide.rib.20260127.1600.bz2,p2c,38731.0,153022.0
38731,153410,7,hkix.rib.20260105.0800.bz2;kr.rib.20260130.2000.bz2;linx.rib.20260109.1000.bz2;rv4.rib.20260102.0000.bz2;sg.rib.20260123.1800.bz2;syd.rib.20260127.2200.bz2;wide.rib.20260127.1600.bz2,p2c,38731.0,153410.0
38731,153591,7,hkix.rib.20260105.0800.bz2;kr.rib.20260130.2000.bz2;linx.rib.20260109.1000.bz2;rv4.rib.20260102.0000.bz2;sg.rib.20260123.1800.bz2;syd.rib.20260127.2200.bz2;wide.rib.20260127.1600.bz2,p2c,38731.0,153591.0
38732,38733,3,hkix.rib.20260105.0800.bz2;linx.rib.20260109.1000.bz2;sg.rib.20260123.1800.bz2,unknown,,
38732,45903,8,bknix.rib.20260104.0200.bz2;hkix.rib.20260105.0800.bz2;kr.rib.20260130.2000.bz2;linx.rib.20260109.1000.bz2;rv4.rib.20260102.0000.bz2;sg.rib.20260123.1800.bz2;syd.rib.20260127.2200.bz2;wide.rib.20260127.1600.bz2,p2c,45903.0,38732.0
38732,63765,8,bknix.rib.20260104.0200.bz2;hkix.rib.20260105.0800.bz2;kr.rib.20260130.2000.bz2;linx.rib.20260109.1000.bz2;rv4.rib.20260102.0000.bz2;sg.rib.20260123.1800.bz2;syd.rib.20260127.2200.bz2;wide.rib.20260127.1600.bz2,p2c,38732.0,63765.0
38732,131353,7,hkix.rib.20260105.0800.bz2;kr.rib.20260130.2000.bz2;linx.rib.20260109.1000.bz2;rv4.rib.20260102.0000.bz2;sg.rib.20260123.1800.bz2;syd.rib.20260127.2200.bz2;wide.rib.20260127.1600.bz2,p2c,38732.0,131353.0
38732,131386,8,bknix.rib.20260104.0200.bz2;hkix.rib.20260105.0800.bz2;kr.rib.20260130.2000.bz2;linx.rib.20260109.1000.bz2;rv4.rib.20260102.0000.bz2;sg.rib.20260123.1800.bz2;syd.rib.20260127.2200.bz2;wide.rib.20260127.1600.bz2,p2c,38732.0,131386.0
38732,131414,7,hkix.rib.20260105.0800.bz2;kr.rib.20260130.2000.bz2;linx.rib.20260109.1000.bz2;rv4.rib.20260102.0000.bz2;sg.rib.20260123.1800.bz2;syd.rib.20260127.2200.bz2;wide.rib.20260127.1600.bz2,p2c,38732.0,131414.0
38732,135967,8,bknix.rib.20260104.0200.bz2;hkix.rib.20260105.0800.bz2;kr.rib.20260130.2000.bz2;linx.rib.20260109.1000.bz2;rv4.rib.20260102.0000.bz2;sg.rib.20260123.1800.bz2;syd.rib.20260127.2200.bz2;wide.rib.20260127.1600.bz2,p2c,38732.0,135967.0
38732,135981,8,bknix.rib.20260104.0200.bz2;hkix.rib.20260105.0800.bz2;kr.rib.20260130.2000.bz2;linx.rib.20260109.1000.bz2;rv4.rib.20260102.0000.bz2;sg.rib.20260123.1800.bz2;syd.rib.20260127.2200.bz2;wide.rib.20260127.1600.bz2,p2c,38732.0,135981.0
38732,140810,3,hkix.rib.20260105.0800.bz2;linx.rib.20260109.1000.bz2;sg.rib.20260123.1800.bz2,unknown,,
38732,140814,8,bknix.rib.20260104.0200.bz2;hkix.rib.20260105.0800.bz2;kr.rib.20260130.2000.bz2;linx.rib.20260109.1000.bz2;rv4.rib.20260102.0000.bz2;sg.rib.20260123.1800.bz2;syd.rib.20260127.2200.bz2;wide.rib.20260127.1600.bz2,p2c,38732.0,140814.0
38732,140829,7,hkix.rib.20260105.0800.bz2;kr.rib.20260130.2000.bz2;linx.rib.20260109.1000.bz2;rv4.rib.20260102.0000.bz2;sg.rib.20260123.1800.bz2;syd.rib.20260127.2200.bz2;wide.rib.20260127.1600.bz2,p2c,38732.0,140829.0
38732,149120,1,linx.rib.20260109.1000.bz2,p2c,38732.0,149120.0
38732,150820,3,hkix.rib.20260105.0800.bz2;linx.rib.20260109.1000.bz2;rv4.rib.20260102.0000.bz2,p2c,38732.0,150820.0
38732,151863,7,hkix.rib.20260105.0800.bz2;kr.rib.20260130.2000.bz2;linx.rib.20260109.1000.bz2;rv4.rib.20260102.0000.bz2;sg.rib.20260123.1800.bz2;syd.rib.20260127.2200.bz2;wide.rib.20260127.1600.bz2,p2c,38732.0,151863.0
38732,151873,8,bknix.rib.20260104.0200.bz2;hkix.rib.20260105.0800.bz2;kr.rib.20260130.2000.bz2;linx.rib.20260109.1000.bz2;rv4.rib.20260102.0000.bz2;sg.rib.20260123.1800.bz2;syd.rib.20260127.2200.bz2;wide.rib.20260127.1600.bz2,p2c,38732.0,151873.0
38732,153016,7,hkix.rib.20260105.0800.bz2;kr.rib.20260130.2000.bz2;linx.rib.20260109.1000.bz2;rv4.rib.20260102.0000.bz2;sg.rib.20260123.1800.bz2;syd.rib.20260127.2200.bz2;wide.rib.20260127.1600.bz2,p2c,38732.0,153016.0
38732,153500,8,bknix.rib.20260104.0200.bz2;hkix.rib.20260105.0800.bz2;kr.rib.20260130.2000.bz2;linx.rib.20260109.1000.bz2;rv4.rib.20260102.0000.bz2;sg.rib.20260123.1800.bz2;syd.rib.20260127.2200.bz2;wide.rib.20260127.1600.bz2,p2c,38732.0,153500.0
38732,153651,8,bknix.rib.20260104.0200.bz2;hkix.rib.20260105.0800.bz2;kr.rib.20260130.2000.bz2;linx.rib.20260109.1000.bz2;rv4.rib.20260102.0000.bz2;sg.rib.20260123.1800.bz2;syd.rib.20260127.2200.bz2;wide.rib.20260127.1600.bz2,p2c,38732.0,153651.0
38732,153683,8,bknix.rib.20260104.0200.bz2;hkix.rib.20260105.0800.bz2;kr.rib.20260130.2000.bz2;linx.rib.20260109.1000.bz2;rv4.rib.20260102.0000.bz2;sg.rib.20260123.1800.bz2;syd.rib.20260127.2200.bz2;wide.rib.20260127.1600.bz2,p2c,38732.0,153683.0
38732,154247,8,bknix.rib.20260104.0200.bz2;hkix.rib.20260105.0800.bz2;kr.rib.20260130.2000.bz2;linx.rib.20260109.1000.bz2;rv4.rib.20260102.0000.bz2;sg.rib.20260123.1800.bz2;syd.rib.20260127.2200.bz2;wide.rib.20260127.1600.bz2,p2c,38732.0,154247.0
38733,45903,8,bknix.rib.20260104.0200.bz2;hkix.rib.20260105.0800.bz2;kr.rib.20260130.2000.bz2;linx.rib.20260109.1000.bz2;rv4.rib.20260102.0000.bz2;sg.rib.20260123.1800.bz2;syd.rib.20260127.2200.bz2;wide.rib.20260127.1600.bz2,p2c,45903.0,38733.0
38733,131353,7,hkix.rib.20260105.0800.bz2;kr.rib.20260130.2000.bz2;linx.rib.20260109.1000.bz2;rv4.rib.20260102.0000.bz2;sg.rib.20260123.1800.bz2;syd.rib.20260127.2200.bz2;wide.rib.20260127.1600.bz2,p2c,38733.0,131353.0
38733,131386,7,hkix.rib.20260105.0800.bz2;kr.rib.20260130.2000.bz2;linx.rib.20260109.1000.bz2;rv4.rib.20260102.0000.bz2;sg.rib.20260123.1800.bz2;syd.rib.20260127.2200.bz2;wide.rib.20260127.1600.bz2,p2c,38733.0,131386.0
38733,131423,7,hkix.rib.20260105.0800.bz2;kr.rib.20260130.2000.bz2;linx.rib.20260109.1000.bz2;rv4.rib.20260102.0000.bz2;sg.rib.20260123.1800.bz2;syd.rib.20260127.2200.bz2;wide.rib.20260127.1600.bz2,p2c,38733.0,131423.0
38733,135901,7,hkix.rib.20260105.0800.bz2;kr.rib.20260130.2000.bz2;linx.rib.20260109.1000.bz2;rv4.rib.20260102.0000.bz2;sg.rib.20260123.1800.bz2;syd.rib.20260127.2200.bz2;wide.rib.20260127.1600.bz2,p2c,38733.0,135901.0
38733,135932,7,hkix.rib.20260105.0800.bz2;kr.rib.20260130.2000.bz2;linx.rib.20260109.1000.bz2;rv4.rib.20260102.0000.bz2;sg.rib.20260123.1800.bz2;syd.rib.20260127.2200.bz2;wide.rib.20260127.1600.bz2,p2c,38733.0,135932.0
38733,140828,7,hkix.rib.20260105.0800.bz2;kr.rib.20260130.2000.bz2;linx.rib.20260109.1000.bz2;rv4.rib.20260102.0000.bz2;sg.rib.20260123.1800.bz2;syd.rib.20260127.2200.bz2;wide.rib.20260127.1600.bz2,p2c,38733.0,140828.0
38733,149085,8,bknix.rib.20260104.0200.bz2;hkix.rib.20260105.0800.bz2;kr.rib.20260130.2000.bz2;linx.rib.20260109.1000.bz2;rv4.rib.20260102.0000.bz2;sg.rib.20260123.1800.bz2;syd.rib.20260127.2200.bz2;wide.rib.20260127.1600.bz2,p2c,38733.0,149085.0
38733,149130,7,hkix.rib.20260105.0800.bz2;kr.rib.20260130.2000.bz2;linx.rib.20260109.1000.bz2;rv4.rib.20260102.0000.bz2;sg.rib.20260123.1800.bz2;syd.rib.20260127.2200.bz2;wide.rib.20260127.1600.bz2,p2c,38733.0,149130.0
38733,149137,7,hkix.rib.20260105.0800.bz2;kr.rib.20260130.2000.bz2;linx.rib.20260109.1000.bz2;rv4.rib.20260102.0000.bz2;sg.rib.20260123.1800.bz2;syd.rib.20260127.2200.bz2;wide.rib.20260127.1600.bz2,p2c,38733.0,149137.0
38733,150846,8,bknix.rib.20260104.0200.bz2;hkix.rib.20260105.0800.bz2;kr.rib.20260130.2000.bz2;linx.rib.20260109.1000.bz2;rv4.rib.20260102.0000.bz2;sg.rib.20260123.1800.bz2;syd.rib.20260127.2200.bz2;wide.rib.20260127.1600.bz2,p2c,38733.0,150846.0
38733,150855,8,bknix.rib.20260104.0200.bz2;hkix.rib.20260105.0800.bz2;kr.rib.20260130.2000.bz2;linx.rib.20260109.1000.bz2;rv4.rib.20260102.0000.bz2;sg.rib.20260123.1800.bz2;syd.rib.20260127.2200.bz2;wide.rib.20260127.1600.bz2,p2c,38733.0,150855.0
38733,150882,4,bknix.rib.20260104.0200.bz2;hkix.rib.20260105.0800.bz2;linx.rib.20260109.1000.bz2;rv4.rib.20260102.0000.bz2,p2c,38733.0,150882.0
38733,150884,8,bknix.rib.20260104.0200.bz2;hkix.rib.20260105.0800.bz2;kr.rib.20260130.2000.bz2;linx.rib.20260109.1000.bz2;rv4.rib.20260102.0000.bz2;sg.rib.20260123.1800.bz2;syd.rib.20260127.2200.bz2;wide.rib.20260127.1600.bz2,p2c,38733.0,150884.0
38733,150887,4,bknix.rib.20260104.0200.bz2;hkix.rib.20260105.0800.bz2;linx.rib.20260109.1000.bz2;rv4.rib.20260102.0000.bz2,p2c,38733.0,150887.0
38733,150894,4,bknix.rib.20260104.0200.bz2;hkix.rib.20260105.0800.bz2;linx.rib.20260109.1000.bz2;rv4.rib.20260102.0000.bz2,p2c,38733.0,150894.0
38733,151858,7,hkix.rib.20260105.0800.bz2;kr.rib.20260130.2000.bz2;linx.rib.20260109.1000.bz2;rv4.rib.20260102.0000.bz2;sg.rib.20260123.1800.bz2;syd.rib.20260127.2200.bz2;wide.rib.20260127.1600.bz2,p2c,38733.0,151858.0
38733,153017,8,bknix.rib.20260104.0200.bz2;hkix.rib.20260105.0800.bz2;kr.rib.20260130.2000.bz2;linx.rib.20260109.1000.bz2;rv4.rib.20260102.0000.bz2;sg.rib.20260123.1800.bz2;syd.rib.20260127.2200.bz2;wide.rib.20260127.1600.bz2,p2c,38733.0,153017.0
38733,154003,7,hkix.rib.20260105.0800.bz2;kr.rib.20260130.2000.bz2;linx.rib.20260109.1000.bz2;rv4.rib.20260102.0000.bz2;sg.rib.20260123.1800.bz2;syd.rib.20260127.2200.bz2;wide.rib.20260127.1600.bz2,p2c,38733.0,154003.0
38733,154350,7,hkix.rib.20260105.0800.bz2;kr.rib.20260130.2000.bz2;linx.rib.20260109.1000.bz2;rv4.rib.20260102.0000.bz2;sg.rib.20260123.1800.bz2;syd.rib.20260127.2200.bz2;wide.rib.20260127.1600.bz2,p2c,38733.0,154350.0
38734,131421,8,bknix.rib.20260104.0200.bz2;hkix.rib.20260105.0800.bz2;kr.rib.20260130.2000.bz2;linx.rib.20260109.1000.bz2;rv4.rib.20260102.0000.bz2;sg.rib.20260123.1800.bz2;syd.rib.20260127.2200.bz2;wide.rib.20260127.1600.bz2,p2c,131421.0,38734.0
38735,45899,8,bknix.rib.20260104.0200.bz2;hkix.rib.20260105.0800.bz2;kr.rib.20260130.2000.bz2;linx.rib.20260109.1000.bz2;rv4.rib.20260102.0000.bz2;sg.rib.20260123.1800.bz2;syd.rib.20260127.2200.bz2;wide.rib.20260127.1600.bz2,p2c,45899.0,38735.0
38735,131419,6,bknix.rib.20260104.0200.bz2;kr.rib.20260130.2000.bz2;linx.rib.20260109.1000.bz2;rv4.rib.20260102.0000.bz2;sg.rib.20260123.1800.bz2;wide.rib.20260127.1600.bz2,p2c,38735.0,131419.0
38736,45899,8,bknix.rib.20260104.0200.bz2;hkix.rib.20260105.0800.bz2;kr.rib.20260130.2000.bz2;linx.rib.20260109.1000.bz2;rv4.rib.20260102.0000.bz2;sg.rib.20260123.1800.bz2;syd.rib.20260127.2200.bz2;wide.rib.20260127.1600.bz2,p2c,45899.0,38736.0
38737,45899,8,bknix.rib.20260104.0200.bz2;hkix.rib.20260105.0800.bz2;kr.rib.20260130.2000.bz2;linx.rib.20260109.1000.bz2;rv4.rib.20260102.0000.bz2;sg.rib.20260123.1800.bz2;syd.rib.20260127.2200.bz2;wide.rib.20260127.1600.bz2,p2c,45899.0,38737.0
38738,45896,8,bknix.rib.20260104.0200.bz2;hkix.rib.20260105.0800.bz2;kr.rib.20260130.2000.bz2;linx.rib.20260109.1000.bz2;rv4.rib.20260102.0000.bz2;sg.rib.20260123.1800.bz2;syd.rib.20260127.2200.bz2;wide.rib.20260127.1600.bz2,p2c,45896.0,38738.0
38738,45899,2,rv4.rib.20260102.0000.bz2;sg.rib.20260123.1800.bz2,unknown,,
38738,135925,7,hkix.rib.20260105.0800.bz2;kr.rib.20260130.2000.bz2;linx.rib.20260109.1000.bz2;rv4.rib.20260102.0000.bz2;sg.rib.20260123.1800.bz2;syd.rib.20260127.2200.bz2;wide.rib.20260127.1600.bz2,p2c,38738.0,135925.0
38738,135926,6,hkix.rib.20260105.0800.bz2;linx.rib.20260109.1000.bz2;rv4.rib.20260102.0000.bz2;sg.rib.20260123.1800.bz2;syd.rib.20260127.2200.bz2;wide.rib.20260127.1600.bz2,p2c,38738.0,135926.0
38738,135943,7,hkix.rib.20260105.0800.bz2;kr.rib.20260130.2000.bz2;linx.rib.20260109.1000.bz2;rv4.rib.20260102.0000.bz2;sg.rib.20260123.1800.bz2;syd.rib.20260127.2200.bz2;wide.rib.20260127.1600.bz2,p2c,38738.0,135943.0
45538,45903,8,bknix.rib.20260104.0200.bz2;hkix.rib.20260105.0800.bz2;kr.rib.20260130.2000.bz2;linx.rib.20260109.1000.bz2;rv4.rib.20260102.0000.bz2;sg.rib.20260123.1800.bz2;syd.rib.20260127.2200.bz2;wide.rib.20260127.1600.bz2,p2c,45903.0,45538.0
45538,55305,7,hkix.rib.20260105.0800.bz2;kr.rib.20260130.2000.bz2;linx.rib.20260109.1000.bz2;rv4.rib.20260102.0000.bz2;sg.rib.20260123.1800.bz2;syd.rib.20260127.2200.bz2;wide.rib.20260127.1600.bz2,p2c,45538.0,55305.0
45538,131367,7,hkix.rib.20260105.0800.bz2;kr.rib.20260130.2000.bz2;linx.rib.20260109.1000.bz2;rv4.rib.20260102.0000.bz2;sg.rib.20260123.1800.bz2;syd.rib.20260127.2200.bz2;wide.rib.20260127.1600.bz2,p2c,45538.0,131367.0
45538,135905,8,bknix.rib.20260104.0200.bz2;hkix.rib.20260105.0800.bz2;kr.rib.20260130.2000.bz2;linx.rib.20260109.1000.bz2;rv4.rib.20260102.0000.bz2;sg.rib.20260123.1800.bz2;syd.rib.20260127.2200.bz2;wide.rib.20260127.1600.bz2,p2c,135905.0,45538.0
45538,135949,7,hkix.rib.20260105.0800.bz2;kr.rib.20260130.2000.bz2;linx.rib.20260109.1000.bz2;rv4.rib.20260102.0000.bz2;sg.rib.20260123.1800.bz2;syd.rib.20260127.2200.bz2;wide.rib.20260127.1600.bz2,p2c,45538.0,135949.0
45538,140781,7,hkix.rib.20260105.0800.bz2;kr.rib.20260130.2000.bz2;linx.rib.20260109.1000.bz2;rv4.rib.20260102.0000.bz2;sg.rib.20260123.1800.bz2;syd.rib.20260127.2200.bz2;wide.rib.20260127.1600.bz2,p2c,45538.0,140781.0
45543,45896,1,rv4.rib.20260102.0000.bz2,unknown,,
45543,45899,8,bknix.rib.20260104.0200.bz2;hkix.rib.20260105.0800.bz2;kr.rib.20260130.2000.bz2;linx.rib.20260109.1000.bz2;rv4.rib.20260102.0000.bz2;sg.rib.20260123.1800.bz2;syd.rib.20260127.2200.bz2;wide.rib.20260127.1600.bz2,p2c,45899.0,45543.0
45543,45903,8,bknix.rib.20260104.0200.bz2;hkix.rib.20260105.0800.bz2;kr.rib.20260130.2000.bz2;linx.rib.20260109.1000.bz2;rv4.rib.20260102.0000.bz2;sg.rib.20260123.1800.bz2;syd.rib.20260127.2200.bz2;wide.rib.20260127.1600.bz2,p2c,45903.0,45543.0
45543,56147,8,bknix.rib.20260104.0200.bz2;hkix.rib.20260105.0800.bz2;kr.rib.20260130.2000.bz2;linx.rib.20260109.1000.bz2;rv4.rib.20260102.0000.bz2;sg.rib.20260123.1800.bz2;syd.rib.20260127.2200.bz2;wide.rib.20260127.1600.bz2,p2c,45543.0,56147.0
45543,56149,7,bknix.rib.20260104.0200.bz2;hkix.rib.20260105.0800.bz2;kr.rib.20260130.2000.bz2;linx.rib.20260109.1000.bz2;rv4.rib.20260102.0000.bz2;sg.rib.20260123.1800.bz2;syd.rib.20260127.2200.bz2,p2c,45543.0,56149.0
45543,63731,1,rv4.rib.20260102.0000.bz2,unknown,,
45543,63741,5,hkix.rib.20260105.0800.bz2;linx.rib.20260109.1000.bz2;rv4.rib.20260102.0000.bz2;sg.rib.20260123.1800.bz2;syd.rib.20260127.2200.bz2,p2c,45543.0,63741.0
45543,135923,8,bknix.rib.20260104.0200.bz2;hkix.rib.20260105.0800.bz2;kr.rib.20260130.2000.bz2;linx.rib.20260109.1000.bz2;rv4.rib.20260102.0000.bz2;sg.rib.20260123.1800.bz2;syd.rib.20260127.2200.bz2;wide.rib.20260127.1600.bz2,p2c,45543.0,135923.0
45544,45903,7,hkix.rib.20260105.0800.bz2;kr.rib.20260130.2000.bz2;linx.rib.20260109.1000.bz2;rv4.rib.20260102.0000.bz2;sg.rib.20260123.1800.bz2;syd.rib.20260127.2200.bz2;wide.rib.20260127.1600.bz2,p2c,45903.0,45544.0
45546,45899,7,hkix.rib.20260105.0800.bz2;kr.rib.20260130.2000.bz2;linx.rib.20260109.1000.bz2;rv4.rib.20260102.0000.bz2;sg.rib.20260123.1800.bz2;syd.rib.20260127.2200.bz2;wide.rib.20260127.1600.bz2,p2c,45899.0,45546.0
45546,45903,6,hkix.rib.20260105.0800.bz2;kr.rib.20260130.2000.bz2;linx.rib.20260109.1000.bz2;rv4.rib.20260102.0000.bz2;sg.rib.20260123.1800.bz2;syd.rib.20260127.2200.bz2,p2c,45903.0,45546.0
45546,131127,7,hkix.rib.20260105.0800.bz2;kr.rib.20260130.2000.bz2;linx.rib.20260109.1000.bz2;rv4.rib.20260102.0000.bz2;sg.rib.20260123.1800.bz2;syd.rib.20260127.2200.bz2;wide.rib.20260127.1600.bz2,p2c,131127.0,45546.0
45552,45896,7,hkix.rib.20260105.0800.bz2;kr.rib.20260130.2000.bz2;linx.rib.20260109.1000.bz2;rv4.rib.20260102.0000.bz2;sg.rib.20260123.1800.bz2;syd.rib.20260127.2200.bz2;wide.rib.20260127.1600.bz2,p2c,45896.0,45552.0
45552,131407,7,hkix.rib.20260105.0800.bz2;kr.rib.20260130.2000.bz2;linx.rib.20260109.1000.bz2;rv4.rib.20260102.0000.bz2;sg.rib.20260123.1800.bz2;syd.rib.20260127.2200.bz2;wide.rib.20260127.1600.bz2,p2c,45552.0,131407.0
45553,45903,8,bknix.rib.20260104.0200.bz2;hkix.rib.20260105.0800.bz2;kr.rib.20260130.2000.bz2;linx.rib.20260109.1000.bz2;rv4.rib.20260102.0000.bz2;sg.rib.20260123.1800.bz2;syd.rib.20260127.2200.bz2;wide.rib.20260127.1600.bz2,p2c,45903.0,45553.0
45557,45899,7,hkix.rib.20260105.0800.bz2;kr.rib.20260130.2000.bz2;linx.rib.20260109.1000.bz2;rv4.rib.20260102.0000.bz2;sg.rib.20260123.1800.bz2;syd.rib.20260127.2200.bz2;wide.rib.20260127.1600.bz2,p2c,45899.0,45557.0
45557,131351,4,hkix.rib.20260105.0800.bz2;kr.rib.20260130.2000.bz2;sg.rib.20260123.1800.bz2;syd.rib.20260127.2200.bz2,p2c,45557.0,131351.0
45894,135905,1,rv4.rib.20260102.0000.bz2,unknown,,
45896,45899,2,rv4.rib.20260102.0000.bz2;sg.rib.20260123.1800.bz2,p2c,45899.0,45896.0
45896,45903,2,rv4.rib.20260102.0000.bz2;sg.rib.20260123.1800.bz2,p2c,45903.0,45896.0
45896,55313,8,bknix.rib.20260104.0200.bz2;hkix.rib.20260105.0800.bz2;kr.rib.20260130.2000.bz2;linx.rib.20260109.1000.bz2;rv4.rib.20260102.0000.bz2;sg.rib.20260123.1800.bz2;syd.rib.20260127.2200.bz2;wide.rib.20260127.1600.bz2,p2c,45896.0,55313.0
45896,56147,8,bknix.rib.20260104.0200.bz2;hkix.rib.20260105.0800.bz2;kr.rib.20260130.2000.bz2;linx.rib.20260109.1000.bz2;rv4.rib.20260102.0000.bz2;sg.rib.20260123.1800.bz2;syd.rib.20260127.2200.bz2;wide.rib.20260127.1600.bz2,p2c,45896.0,56147.0
45896,56149,7,hkix.rib.20260105.0800.bz2;kr.rib.20260130.2000.bz2;linx.rib.20260109.1000.bz2;rv4.rib.20260102.0000.bz2;sg.rib.20260123.1800.bz2;syd.rib.20260127.2200.bz2;wide.rib.20260127.1600.bz2,p2c,45896.0,56149.0
45896,131403,7,hkix.rib.20260105.0800.bz2;kr.rib.20260130.2000.bz2;linx.rib.20260109.1000.bz2;rv4.rib.20260102.0000.bz2;sg.rib.20260123.1800.bz2;syd.rib.20260127.2200.bz2;wide.rib.20260127.1600.bz2,p2c,45896.0,131403.0
45896,135952,5,linx.rib.20260109.1000.bz2;rv4.rib.20260102.0000.bz2;sg.rib.20260123.1800.bz2;syd.rib.20260127.2200.bz2;wide.rib.20260127.1600.bz2,p2c,45896.0,135952.0
45896,135990,8,bknix.rib.20260104.0200.bz2;hkix.rib.20260105.0800.bz2;kr.rib.20260130.2000.bz2;linx.rib.20260109.1000.bz2;rv4.rib.20260102.0000.bz2;sg.rib.20260123.1800.bz2;syd.rib.20260127.2200.bz2;wide.rib.20260127.1600.bz2,p2c,45896.0,135990.0
45896,140769,4,kr.rib.20260130.2000.bz2;sg.rib.20260123.1800.bz2;syd.rib.20260127.2200.bz2;wide.rib.20260127.1600.bz2,unknown,,
45896,140813,7,hkix.rib.20260105.0800.bz2;kr.rib.20260130.2000.bz2;linx.rib.20260109.1000.bz2;rv4.rib.20260102.0000.bz2;sg.rib.20260123.1800.bz2;syd.rib.20260127.2200.bz2;wide.rib.20260127.1600.bz2,p2c,45896.0,140813.0
45896,153433,6,hkix.rib.20260105.0800.bz2;linx.rib.20260109.1000.bz2;rv4.rib.20260102.0000.bz2;sg.rib.20260123.1800.bz2;syd.rib.20260127.2200.bz2;wide.rib.20260127.1600.bz2,p2c,45896.0,153433.0
45899,45901,4,linx.rib.20260109.1000.bz2;rv4.rib.20260102.0000.bz2;sg.rib.20260123.1800.bz2;syd.rib.20260127.2200.bz2,p2c,45899.0,45901.0
45899,45902,7,hkix.rib.20260105.0800.bz2;kr.rib.20260130.2000.bz2;linx.rib.20260109.1000.bz2;rv4.rib.20260102.0000.bz2;sg.rib.20260123.1800.bz2;syd.rib.20260127.2200.bz2;wide.rib.20260127.1600.bz2,p2c,45899.0,45902.0
45899,45903,7,hkix.rib.20260105.0800.bz2;kr.rib.20260130.2000.bz2;linx.rib.20260109.1000.bz2;rv4.rib.20260102.0000.bz2;sg.rib.20260123.1800.bz2;syd.rib.20260127.2200.bz2;wide.rib.20260127.1600.bz2,p2c,45899.0,45903.0
45899,55309,4,kr.rib.20260130.2000.bz2;rv4.rib.20260102.0000.bz2;sg.rib.20260123.1800.bz2;syd.rib.20260127.2200.bz2,p2c,45899.0,55309.0
45899,55311,7,hkix.rib.20260105.0800.bz2;kr.rib.20260130.2000.bz2;linx.rib.20260109.1000.bz2;rv4.rib.20260102.0000.bz2;sg.rib.20260123.1800.bz2;syd.rib.20260127.2200.bz2;wide.rib.20260127.1600.bz2,p2c,45899.0,55311.0
45899,55312,6,hkix.rib.20260105.0800.bz2;kr.rib.20260130.2000.bz2;linx.rib.20260109.1000.bz2;rv4.rib.20260102.0000.bz2;sg.rib.20260123.1800.bz2;syd.rib.20260127.2200.bz2,p2c,45899.0,55312.0
45899,55317,7,hkix.rib.20260105.0800.bz2;kr.rib.20260130.2000.bz2;linx.rib.20260109.1000.bz2;rv4.rib.20260102.0000.bz2;sg.rib.20260123.1800.bz2;syd.rib.20260127.2200.bz2;wide.rib.20260127.1600.bz2,p2c,45899.0,55317.0
45899,55318,7,hkix.rib.20260105.0800.bz2;kr.rib.20260130.2000.bz2;linx.rib.20260109.1000.bz2;rv4.rib.20260102.0000.bz2;sg.rib.20260123.1800.bz2;syd.rib.20260127.2200.bz2;wide.rib.20260127.1600.bz2,p2c,45899.0,55318.0
45899,55323,7,hkix.rib.20260105.0800.bz2;kr.rib.20260130.2000.bz2;linx.rib.20260109.1000.bz2;rv4.rib.20260102.0000.bz2;sg.rib.20260123.1800.bz2;syd.rib.20260127.2200.bz2;wide.rib.20260127.1600.bz2,p2c,45899.0,55323.0
45899,55324,2,kr.rib.20260130.2000.bz2;linx.rib.20260109.1000.bz2,p2c,45899.0,55324.0
45899,56142,7,hkix.rib.20260105.0800.bz2;kr.rib.20260130.2000.bz2;linx.rib.20260109.1000.bz2;rv4.rib.20260102.0000.bz2;sg.rib.20260123.1800.bz2;syd.rib.20260127.2200.bz2;wide.rib.20260127.1600.bz2,p2c,45899.0,56142.0
45899,56148,7,hkix.rib.20260105.0800.bz2;kr.rib.20260130.2000.bz2;linx.rib.20260109.1000.bz2;rv4.rib.20260102.0000.bz2;sg.rib.20260123.1800.bz2;syd.rib.20260127.2200.bz2;wide.rib.20260127.1600.bz2,p2c,45899.0,56148.0
45899,56155,8,bknix.rib.20260104.0200.bz2;hkix.rib.20260105.0800.bz2;kr.rib.20260130.2000.bz2;linx.rib.20260109.1000.bz2;rv4.rib.20260102.0000.bz2;sg.rib.20260123.1800.bz2;syd.rib.20260127.2200.bz2;wide.rib.20260127.1600.bz2,p2c,45899.0,56155.0
45899,56159,7,hkix.rib.20260105.0800.bz2;kr.rib.20260130.2000.bz2;linx.rib.20260109.1000.bz2;rv4.rib.20260102.0000.bz2;sg.rib.20260123.1800.bz2;syd.rib.20260127.2200.bz2;wide.rib.20260127.1600.bz2,p2c,45899.0,56159.0
45899,63733,8,bknix.rib.20260104.0200.bz2;hkix.rib.20260105.0800.bz2;kr.rib.20260130.2000.bz2;linx.rib.20260109.1000.bz2;rv4.rib.20260102.0000.bz2;sg.rib.20260123.1800.bz2;syd.rib.20260127.2200.bz2;wide.rib.20260127.1600.bz2,unknown,,
45899,63735,4,kr.rib.20260130.2000.bz2;sg.rib.20260123.1800.bz2;syd.rib.20260127.2200.bz2;wide.rib.20260127.1600.bz2,unknown,,
45899,63741,8,bknix.rib.20260104.0200.bz2;hkix.rib.20260105.0800.bz2;kr.rib.20260130.2000.bz2;linx.rib.20260109.1000.bz2;rv4.rib.20260102.0000.bz2;sg.rib.20260123.1800.bz2;syd.rib.20260127.2200.bz2;wide.rib.20260127.1600.bz2,p2c,45899.0,63741.0
45899,63742,7,hkix.rib.20260105.0800.bz2;kr.rib.20260130.2000.bz2;linx.rib.20260109.1000.bz2;rv4.rib.20260102.0000.bz2;sg.rib.20260123.1800.bz2;syd.rib.20260127.2200.bz2;wide.rib.20260127.1600.bz2,p2c,45899.0,63742.0
45899,63743,6,hkix.rib.20260105.0800.bz2;kr.rib.20260130.2000.bz2;linx.rib.20260109.1000.bz2;rv4.rib.20260102.0000.bz2;sg.rib.20260123.1800.bz2;syd.rib.20260127.2200.bz2,p2c,45899.0,63743.0
45899,63747,8,bknix.rib.20260104.0200.bz2;hkix.rib.20260105.0800.bz2;kr.rib.20260130.2000.bz2;linx.rib.20260109.1000.bz2;rv4.rib.20260102.0000.bz2;sg.rib.20260123.1800.bz2;syd.rib.20260127.2200.bz2;wide.rib.20260127.1600.bz2,p2c,45899.0,63747.0
45899,63749,4,linx.rib.20260109.1000.bz2;rv4.rib.20260102.0000.bz2;sg.rib.20260123.1800.bz2;syd.rib.20260127.2200.bz2,p2c,45899.0,63749.0
45899,63751,7,hkix.rib.20260105.0800.bz2;kr.rib.20260130.2000.bz2;linx.rib.20260109.1000.bz2;rv4.rib.20260102.0000.bz2;sg.rib.20260123.1800.bz2;syd.rib.20260127.2200.bz2;wide.rib.20260127.1600.bz2,p2c,45899.0,63751.0
45899,63752,8,bknix.rib.20260104.0200.bz2;hkix.rib.20260105.0800.bz2;kr.rib.20260130.2000.bz2;linx.rib.20260109.1000.bz2;rv4.rib.20260102.0000.bz2;sg.rib.20260123.1800.bz2;syd.rib.20260127.2200.bz2;wide.rib.20260127.1600.bz2,p2c,45899.0,63752.0
45899,63754,7,hkix.rib.20260105.0800.bz2;kr.rib.20260130.2000.bz2;linx.rib.20260109.1000.bz2;rv4.rib.20260102.0000.bz2;sg.rib.20260123.1800.bz2;syd.rib.20260127.2200.bz2;wide.rib.20260127.1600.bz2,p2c,45899.0,63754.0
45899,63758,7,hkix.rib.20260105.0800.bz2;kr.rib.20260130.2000.bz2;linx.rib.20260109.1000.bz2;rv4.rib.20260102.0000.bz2;sg.rib.20260123.1800.bz2;syd.rib.20260127.2200.bz2;wide.rib.20260127.1600.bz2,p2c,45899.0,63758.0
45899,131122,8,bknix.rib.20260104.0200.bz2;hkix.rib.20260105.0800.bz2;kr.rib.20260130.2000.bz2;linx.rib.20260109.1000.bz2;rv4.rib.20260102.0000.bz2;sg.rib.20260123.1800.bz2;syd.rib.20260127.2200.bz2;wide.rib.20260127.1600.bz2,p2c,45899.0,131122.0
45899,131123,8,bknix.rib.20260104.0200.bz2;hkix.rib.20260105.0800.bz2;kr.rib.20260130.2000.bz2;linx.rib.20260109.1000.bz2;rv4.rib.20260102.0000.bz2;sg.rib.20260123.1800.bz2;syd.rib.20260127.2200.bz2;wide.rib.20260127.1600.bz2,p2c,45899.0,131123.0
45899,131125,7,hkix.rib.20260105.0800.bz2;kr.rib.20260130.2000.bz2;linx.rib.20260109.1000.bz2;rv4.rib.20260102.0000.bz2;sg.rib.20260123.1800.bz2;syd.rib.20260127.2200.bz2;wide.rib.20260127.1600.bz2,p2c,45899.0,131125.0
45899,131126,7,hkix.rib.20260105.0800.bz2;kr.rib.20260130.2000.bz2;linx.rib.20260109.1000.bz2;rv4.rib.20260102.0000.bz2;sg.rib.20260123.1800.bz2;syd.rib.20260127.2200.bz2;wide.rib.20260127.1600.bz2,p2c,45899.0,131126.0
45899,131129,7,hkix.rib.20260105.0800.bz2;kr.rib.20260130.2000.bz2;linx.rib.20260109.1000.bz2;rv4.rib.20260102.0000.bz2;sg.rib.20260123.1800.bz2;syd.rib.20260127.2200.bz2;wide.rib.20260127.1600.bz2,p2c,45899.0,131129.0
45899,131130,8,bknix.rib.20260104.0200.bz2;hkix.rib.20260105.0800.bz2;kr.rib.20260130.2000.bz2;linx.rib.20260109.1000.bz2;rv4.rib.20260102.0000.bz2;sg.rib.20260123.1800.bz2;syd.rib.20260127.2200.bz2;wide.rib.20260127.1600.bz2,p2c,45899.0,131130.0
45899,131131,7,hkix.rib.20260105.0800.bz2;kr.rib.20260130.2000.bz2;linx.rib.20260109.1000.bz2;rv4.rib.20260102.0000.bz2;sg.rib.20260123.1800.bz2;syd.rib.20260127.2200.bz2;wide.rib.20260127.1600.bz2,p2c,45899.0,131131.0
45899,131342,7,hkix.rib.20260105.0800.bz2;kr.rib.20260130.2000.bz2;linx.rib.20260109.1000.bz2;rv4.rib.20260102.0000.bz2;sg.rib.20260123.1800.bz2;syd.rib.20260127.2200.bz2;wide.rib.20260127.1600.bz2,p2c,45899.0,131342.0
45899,131343,7,bknix.rib.20260104.0200.bz2;kr.rib.20260130.2000.bz2;linx.rib.20260109.1000.bz2;rv4.rib.20260102.0000.bz2;sg.rib.20260123.1800.bz2;syd.rib.20260127.2200.bz2;wide.rib.20260127.1600.bz2,p2c,45899.0,131343.0
45899,131347,7,hkix.rib.20260105.0800.bz2;kr.rib.20260130.2000.bz2;linx.rib.20260109.1000.bz2;rv4.rib.20260102.0000.bz2;sg.rib.20260123.1800.bz2;syd.rib.20260127.2200.bz2;wide.rib.20260127.1600.bz2,p2c,45899.0,131347.0
45899,131348,7,hkix.rib.20260105.0800.bz2;kr.rib.20260130.2000.bz2;linx.rib.20260109.1000.bz2;rv4.rib.20260102.0000.bz2;sg.rib.20260123.1800.bz2;syd.rib.20260127.2200.bz2;wide.rib.20260127.1600.bz2,p2c,45899.0,131348.0
45899,131350,8,bknix.rib.20260104.0200.bz2;hkix.rib.20260105.0800.bz2;kr.rib.20260130.2000.bz2;linx.rib.20260109.1000.bz2;rv4.rib.20260102.0000.bz2;sg.rib.20260123.1800.bz2;syd.rib.20260127.2200.bz2;wide.rib.20260127.1600.bz2,p2c,45899.0,131350.0
45899,131357,1,sg.rib.20260123.1800.bz2,unknown,,
45899,131362,7,hkix.rib.20260105.0800.bz2;kr.rib.20260130.2000.bz2;linx.rib.20260109.1000.bz2;rv4.rib.20260102.0000.bz2;sg.rib.20260123.1800.bz2;syd.rib.20260127.2200.bz2;wide.rib.20260127.1600.bz2,p2c,45899.0,131362.0
45899,131363,7,hkix.rib.20260105.0800.bz2;kr.rib.20260130.2000.bz2;linx.rib.20260109.1000.bz2;rv4.rib.20260102.0000.bz2;sg.rib.20260123.1800.bz2;syd.rib.20260127.2200.bz2;wide.rib.20260127.1600.bz2,p2c,45899.0,131363.0
45899,131364,8,bknix.rib.20260104.0200.bz2;hkix.rib.20260105.0800.bz2;kr.rib.20260130.2000.bz2;linx.rib.20260109.1000.bz2;rv4.rib.20260102.0000.bz2;sg.rib.20260123.1800.bz2;syd.rib.20260127.2200.bz2;wide.rib.20260127.1600.bz2,p2c,45899.0,131364.0
45899,131368,7,hkix.rib.20260105.0800.bz2;kr.rib.20260130.2000.bz2;linx.rib.20260109.1000.bz2;rv4.rib.20260102.0000.bz2;sg.rib.20260123.1800.bz2;syd.rib.20260127.2200.bz2;wide.rib.20260127.1600.bz2,p2c,45899.0,131368.0
45899,131379,7,hkix.rib.20260105.0800.bz2;kr.rib.20260130.2000.bz2;linx.rib.20260109.1000.bz2;rv4.rib.20260102.0000.bz2;sg.rib.20260123.1800.bz2;syd.rib.20260127.2200.bz2;wide.rib.20260127.1600.bz2,p2c,45899.0,131379.0
45899,131381,7,hkix.rib.20260105.0800.bz2;kr.rib.20260130.2000.bz2;linx.rib.20260109.1000.bz2;rv4.rib.20260102.0000.bz2;sg.rib.20260123.1800.bz2;syd.rib.20260127.2200.bz2;wide.rib.20260127.1600.bz2,p2c,45899.0,131381.0
45899,131383,7,hkix.rib.20260105.0800.bz2;kr.rib.20260130.2000.bz2;linx.rib.20260109.1000.bz2;rv4.rib.20260102.0000.bz2;sg.rib.20260123.1800.bz2;syd.rib.20260127.2200.bz2;wide.rib.20260127.1600.bz2,p2c,45899.0,131383.0
45899,131387,7,hkix.rib.20260105.0800.bz2;kr.rib.20260130.2000.bz2;linx.rib.20260109.1000.bz2;rv4.rib.20260102.0000.bz2;sg.rib.20260123.1800.bz2;syd.rib.20260127.2200.bz2;wide.rib.20260127.1600.bz2,p2c,45899.0,131387.0
45899,131389,8,bknix.rib.20260104.0200.bz2;hkix.rib.20260105.0800.bz2;kr.rib.20260130.2000.bz2;linx.rib.20260109.1000.bz2;rv4.rib.20260102.0000.bz2;sg.rib.20260123.1800.bz2;syd.rib.20260127.2200.bz2;wide.rib.20260127.1600.bz2,p2c,45899.0,131389.0
45899,131397,7,hkix.rib.20260105.0800.bz2;kr.rib.20260130.2000.bz2;linx.rib.20260109.1000.bz2;rv4.rib.20260102.0000.bz2;sg.rib.20260123.1800.bz2;syd.rib.20260127.2200.bz2;wide.rib.20260127.1600.bz2,p2c,45899.0,131397.0
45899,131402,7,hkix.rib.20260105.0800.bz2;kr.rib.20260130.2000.bz2;linx.rib.20260109.1000.bz2;rv4.rib.20260102.0000.bz2;sg.rib.20260123.1800.bz2;syd.rib.20260127.2200.bz2;wide.rib.20260127.1600.bz2,p2c,45899.0,131402.0
45899,131405,7,hkix.rib.20260105.0800.bz2;kr.rib.20260130.2000.bz2;linx.rib.20260109.1000.bz2;rv4.rib.20260102.0000.bz2;sg.rib.20260123.1800.bz2;syd.rib.20260127.2200.bz2;wide.rib.20260127.1600.bz2,p2c,45899.0,131405.0
45899,131408,7,hkix.rib.20260105.0800.bz2;kr.rib.20260130.2000.bz2;linx.rib.20260109.1000.bz2;rv4.rib.20260102.0000.bz2;sg.rib.20260123.1800.bz2;syd.rib.20260127.2200.bz2;wide.rib.20260127.1600.bz2,p2c,45899.0,131408.0
45899,131413,7,hkix.rib.20260105.0800.bz2;kr.rib.20260130.2000.bz2;linx.rib.20260109.1000.bz2;rv4.rib.20260102.0000.bz2;sg.rib.20260123.1800.bz2;syd.rib.20260127.2200.bz2;wide.rib.20260127.1600.bz2,p2c,45899.0,131413.0
45899,131415,7,hkix.rib.20260105.0800.bz2;kr.rib.20260130.2000.bz2;linx.rib.20260109.1000.bz2;rv4.rib.20260102.0000.bz2;sg.rib.20260123.1800.bz2;syd.rib.20260127.2200.bz2;wide.rib.20260127.1600.bz2,p2c,45899.0,131415.0
45899,131418,7,hkix.rib.20260105.0800.bz2;kr.rib.20260130.2000.bz2;linx.rib.20260109.1000.bz2;rv4.rib.20260102.0000.bz2;sg.rib.20260123.1800.bz2;syd.rib.20260127.2200.bz2;wide.rib.20260127.1600.bz2,p2c,45899.0,131418.0
45899,131429,8,bknix.rib.20260104.0200.bz2;hkix.rib.20260105.0800.bz2;kr.rib.20260130.2000.bz2;linx.rib.20260109.1000.bz2;rv4.rib.20260102.0000.bz2;sg.rib.20260123.1800.bz2;syd.rib.20260127.2200.bz2;wide.rib.20260127.1600.bz2,p2c,45899.0,131429.0
45899,131430,7,hkix.rib.20260105.0800.bz2;kr.rib.20260130.2000.bz2;linx.rib.20260109.1000.bz2;rv4.rib.20260102.0000.bz2;sg.rib.20260123.1800.bz2;syd.rib.20260127.2200.bz2;wide.rib.20260127.1600.bz2,p2c,45899.0,131430.0
45899,131436,8,bknix.rib.20260104.0200.bz2;hkix.rib.20260105.0800.bz2;kr.rib.20260130.2000.bz2;linx.rib.20260109.1000.bz2;rv4.rib.20260102.0000.bz2;sg.rib.20260123.1800.bz2;syd.rib.20260127.2200.bz2;wide.rib.20260127.1600.bz2,p2c,45899.0,131436.0
45899,131438,7,hkix.rib.20260105.0800.bz2;kr.rib.20260130.2000.bz2;linx.rib.20260109.1000.bz2;rv4.rib.20260102.0000.bz2;sg.rib.20260123.1800.bz2;syd.rib.20260127.2200.bz2;wide.rib.20260127.1600.bz2,p2c,45899.0,131438.0
45899,135900,8,bknix.rib.20260104.0200.bz2;hkix.rib.20260105.0800.bz2;kr.rib.20260130.2000.bz2;linx.rib.20260109.1000.bz2;rv4.rib.20260102.0000.bz2;sg.rib.20260123.1800.bz2;syd.rib.20260127.2200.bz2;wide.rib.20260127.1600.bz2,p2c,45899.0,135900.0
45899,135905,8,bknix.rib.20260104.0200.bz2;hkix.rib.20260105.0800.bz2;kr.rib.20260130.2000.bz2;linx.rib.20260109.1000.bz2;rv4.rib.20260102.0000.bz2;sg.rib.20260123.1800.bz2;syd.rib.20260127.2200.bz2;wide.rib.20260127.1600.bz2,p2c,45899.0,135905.0
45899,135911,7,hkix.rib.20260105.0800.bz2;kr.rib.20260130.2000.bz2;linx.rib.20260109.1000.bz2;rv4.rib.20260102.0000.bz2;sg.rib.20260123.1800.bz2;syd.rib.20260127.2200.bz2;wide.rib.20260127.1600.bz2,p2c,45899.0,135911.0
45899,135924,6,hkix.rib.20260105.0800.bz2;kr.rib.20260130.2000.bz2;linx.rib.20260109.1000.bz2;rv4.rib.20260102.0000.bz2;sg.rib.20260123.1800.bz2;syd.rib.20260127.2200.bz2,p2c,45899.0,135924.0
45899,135934,8,bknix.rib.20260104.0200.bz2;hkix.rib.20260105.0800.bz2;kr.rib.20260130.2000.bz2;linx.rib.20260109.1000.bz2;rv4.rib.20260102.0000.bz2;sg.rib.20260123.1800.bz2;syd.rib.20260127.2200.bz2;wide.rib.20260127.1600.bz2,p2c,45899.0,135934.0
45899,135939,7,hkix.rib.20260105.0800.bz2;kr.rib.20260130.2000.bz2;linx.rib.20260109.1000.bz2;rv4.rib.20260102.0000.bz2;sg.rib.20260123.1800.bz2;syd.rib.20260127.2200.bz2;wide.rib.20260127.1600.bz2,p2c,45899.0,135939.0
45899,135946,7,hkix.rib.20260105.0800.bz2;kr.rib.20260130.2000.bz2;linx.rib.20260109.1000.bz2;rv4.rib.20260102.0000.bz2;sg.rib.20260123.1800.bz2;syd.rib.20260127.2200.bz2;wide.rib.20260127.1600.bz2,p2c,45899.0,135946.0
45899,135947,8,bknix.rib.20260104.0200.bz2;hkix.rib.20260105.0800.bz2;kr.rib.20260130.2000.bz2;linx.rib.20260109.1000.bz2;rv4.rib.20260102.0000.bz2;sg.rib.20260123.1800.bz2;syd.rib.20260127.2200.bz2;wide.rib.20260127.1600.bz2,unknown,,
45899,135948,8,bknix.rib.20260104.0200.bz2;hkix.rib.20260105.0800.bz2;kr.rib.20260130.2000.bz2;linx.rib.20260109.1000.bz2;rv4.rib.20260102.0000.bz2;sg.rib.20260123.1800.bz2;syd.rib.20260127.2200.bz2;wide.rib.20260127.1600.bz2,unknown,,
45899,135952,8,bknix.rib.20260104.0200.bz2;hkix.rib.20260105.0800.bz2;kr.rib.20260130.2000.bz2;linx.rib.20260109.1000.bz2;rv4.rib.20260102.0000.bz2;sg.rib.20260123.1800.bz2;syd.rib.20260127.2200.bz2;wide.rib.20260127.1600.bz2,p2c,45899.0,135952.0
45899,135955,8,bknix.rib.20260104.0200.bz2;hkix.rib.20260105.0800.bz2;kr.rib.20260130.2000.bz2;linx.rib.20260109.1000.bz2;rv4.rib.20260102.0000.bz2;sg.rib.20260123.1800.bz2;syd.rib.20260127.2200.bz2;wide.rib.20260127.1600.bz2,p2c,45899.0,135955.0
45899,135956,8,bknix.rib.20260104.0200.bz2;hkix.rib.20260105.0800.bz2;kr.rib.20260130.2000.bz2;linx.rib.20260109.1000.bz2;rv4.rib.20260102.0000.bz2;sg.rib.20260123.1800.bz2;syd.rib.20260127.2200.bz2;wide.rib.20260127.1600.bz2,p2c,45899.0,135956.0
45899,135957,7,hkix.rib.20260105.0800.bz2;kr.rib.20260130.2000.bz2;linx.rib.20260109.1000.bz2;rv4.rib.20260102.0000.bz2;sg.rib.20260123.1800.bz2;syd.rib.20260127.2200.bz2;wide.rib.20260127.1600.bz2,p2c,45899.0,135957.0
45899,135972,8,bknix.rib.20260104.0200.bz2;hkix.rib.20260105.0800.bz2;kr.rib.20260130.2000.bz2;linx.rib.20260109.1000.bz2;rv4.rib.20260102.0000.bz2;sg.rib.20260123.1800.bz2;syd.rib.20260127.2200.bz2;wide.rib.20260127.1600.bz2,p2c,45899.0,135972.0
45899,135974,7,hkix.rib.20260105.0800.bz2;kr.rib.20260130.2000.bz2;linx.rib.20260109.1000.bz2;rv4.rib.20260102.0000.bz2;sg.rib.20260123.1800.bz2;syd.rib.20260127.2200.bz2;wide.rib.20260127.1600.bz2,p2c,45899.0,135974.0
45899,135980,8,bknix.rib.20260104.0200.bz2;hkix.rib.20260105.0800.bz2;kr.rib.20260130.2000.bz2;linx.rib.20260109.1000.bz2;rv4.rib.20260102.0000.bz2;sg.rib.20260123.1800.bz2;syd.rib.20260127.2200.bz2;wide.rib.20260127.1600.bz2,p2c,45899.0,135980.0
45899,135982,8,bknix.rib.20260104.0200.bz2;hkix.rib.20260105.0800.bz2;kr.rib.20260130.2000.bz2;linx.rib.20260109.1000.bz2;rv4.rib.20260102.0000.bz2;sg.rib.20260123.1800.bz2;syd.rib.20260127.2200.bz2;wide.rib.20260127.1600.bz2,p2c,45899.0,135982.0
45899,135989,8,bknix.rib.20260104.0200.bz2;hkix.rib.20260105.0800.bz2;kr.rib.20260130.2000.bz2;linx.rib.20260109.1000.bz2;rv4.rib.20260102.0000.bz2;sg.rib.20260123.1800.bz2;syd.rib.20260127.2200.bz2;wide.rib.20260127.1600.bz2,p2c,45899.0,135989.0
45899,140748,7,hkix.rib.20260105.0800.bz2;kr.rib.20260130.2000.bz2;linx.rib.20260109.1000.bz2;rv4.rib.20260102.0000.bz2;sg.rib.20260123.1800.bz2;syd.rib.20260127.2200.bz2;wide.rib.20260127.1600.bz2,p2c,45899.0,140748.0
45899,140758,5,kr.rib.20260130.2000.bz2;linx.rib.20260109.1000.bz2;sg.rib.20260123.1800.bz2;syd.rib.20260127.2200.bz2;wide.rib.20260127.1600.bz2,unknown,,
45899,140759,8,bknix.rib.20260104.0200.bz2;hkix.rib.20260105.0800.bz2;kr.rib.20260130.2000.bz2;linx.rib.20260109.1000.bz2;rv4.rib.20260102.0000.bz2;sg.rib.20260123.1800.bz2;syd.rib.20260127.2200.bz2;wide.rib.20260127.1600.bz2,p2c,45899.0,140759.0
45899,140768,7,hkix.rib.20260105.0800.bz2;kr.rib.20260130.2000.bz2;linx.rib.20260109.1000.bz2;rv4.rib.20260102.0000.bz2;sg.rib.20260123.1800.bz2;syd.rib.20260127.2200.bz2;wide.rib.20260127.1600.bz2,p2c,45899.0,140768.0
45899,140770,8,bknix.rib.20260104.0200.bz2;hkix.rib.20260105.0800.bz2;kr.rib.20260130.2000.bz2;linx.rib.20260109.1000.bz2;rv4.rib.20260102.0000.bz2;sg.rib.20260123.1800.bz2;syd.rib.20260127.2200.bz2;wide.rib.20260127.1600.bz2,p2c,45899.0,140770.0
45899,140809,8,bknix.rib.20260104.0200.bz2;hkix.rib.20260105.0800.bz2;kr.rib.20260130.2000.bz2;linx.rib.20260109.1000.bz2;rv4.rib.20260102.0000.bz2;sg.rib.20260123.1800.bz2;syd.rib.20260127.2200.bz2;wide.rib.20260127.1600.bz2,p2c,45899.0,140809.0
45899,142025,4,kr.rib.20260130.2000.bz2;sg.rib.20260123.1800.bz2;syd.rib.20260127.2200.bz2;wide.rib.20260127.1600.bz2,unknown,,
45899,149069,7,hkix.rib.20260105.0800.bz2;kr.rib.20260130.2000.bz2;linx.rib.20260109.1000.bz2;rv4.rib.20260102.0000.bz2;sg.rib.20260123.1800.bz2;syd.rib.20260127.2200.bz2;wide.rib.20260127.1600.bz2,p2c,45899.0,149069.0
45899,149074,8,bknix.rib.20260104.0200.bz2;hkix.rib.20260105.0800.bz2;kr.rib.20260130.2000.bz2;linx.rib.20260109.1000.bz2;rv4.rib.20260102.0000.bz2;sg.rib.20260123.1800.bz2;syd.rib.20260127.2200.bz2;wide.rib.20260127.1600.bz2,p2c,45899.0,149074.0
45899,149080,7,hkix.rib.20260105.0800.bz2;kr.rib.20260130.2000.bz2;linx.rib.20260109.1000.bz2;rv4.rib.20260102.0000.bz2;sg.rib.20260123.1800.bz2;syd.rib.20260127.2200.bz2;wide.rib.20260127.1600.bz2,p2c,45899.0,149080.0
45899,149100,6,hkix.rib.20260105.0800.bz2;linx.rib.20260109.1000.bz2;rv4.rib.20260102.0000.bz2;sg.rib.20260123.1800.bz2;syd.rib.20260127.2200.bz2;wide.rib.20260127.1600.bz2,p2c,45899.0,149100.0
45899,149120,7,hkix.rib.20260105.0800.bz2;kr.rib.20260130.2000.bz2;linx.rib.20260109.1000.bz2;rv4.rib.20260102.0000.bz2;sg.rib.20260123.1800.bz2;syd.rib.20260127.2200.bz2;wide.rib.20260127.1600.bz2,p2c,45899.0,149120.0
45899,149127,8,bknix.rib.20260104.0200.bz2;hkix.rib.20260105.0800.bz2;kr.rib.20260130.2000.bz2;linx.rib.20260109.1000.bz2;rv4.rib.20260102.0000.bz2;sg.rib.20260123.1800.bz2;syd.rib.20260127.2200.bz2;wide.rib.20260127.1600.bz2,p2c,45899.0,149127.0
45899,149154,7,hkix.rib.20260105.0800.bz2;kr.rib.20260130.2000.bz2;linx.rib.20260109.1000.bz2;rv4.rib.20260102.0000.bz2;sg.rib.20260123.1800.bz2;syd.rib.20260127.2200.bz2;wide.rib.20260127.1600.bz2,p2c,45899.0,149154.0
45899,149156,7,hkix.rib.20260105.0800.bz2;kr.rib.20260130.2000.bz2;linx.rib.20260109.1000.bz2;rv4.rib.20260102.0000.bz2;sg.rib.20260123.1800.bz2;syd.rib.20260127.2200.bz2;wide.rib.20260127.1600.bz2,p2c,45899.0,149156.0
45899,149157,8,bknix.rib.20260104.0200.bz2;hkix.rib.20260105.0800.bz2;kr.rib.20260130.2000.bz2;linx.rib.20260109.1000.bz2;rv4.rib.20260102.0000.bz2;sg.rib.20260123.1800.bz2;syd.rib.20260127.2200.bz2;wide.rib.20260127.1600.bz2,p2c,45899.0,149157.0
45899,149160,8,bknix.rib.20260104.0200.bz2;hkix.rib.20260105.0800.bz2;kr.rib.20260130.2000.bz2;linx.rib.20260109.1000.bz2;rv4.rib.20260102.0000.bz2;sg.rib.20260123.1800.bz2;syd.rib.20260127.2200.bz2;wide.rib.20260127.1600.bz2,p2c,45899.0,149160.0
45899,150836,7,hkix.rib.20260105.0800.bz2;kr.rib.20260130.2000.bz2;linx.rib.20260109.1000.bz2;rv4.rib.20260102.0000.bz2;sg.rib.20260123.1800.bz2;syd.rib.20260127.2200.bz2;wide.rib.20260127.1600.bz2,p2c,45899.0,150836.0
45899,150854,7,hkix.rib.20260105.0800.bz2;kr.rib.20260130.2000.bz2;linx.rib.20260109.1000.bz2;rv4.rib.20260102.0000.bz2;sg.rib.20260123.1800.bz2;syd.rib.20260127.2200.bz2;wide.rib.20260127.1600.bz2,p2c,45899.0,150854.0
45899,150888,7,hkix.rib.20260105.0800.bz2;kr.rib.20260130.2000.bz2;linx.rib.20260109.1000.bz2;rv4.rib.20260102.0000.bz2;sg.rib.20260123.1800.bz2;syd.rib.20260127.2200.bz2;wide.rib.20260127.1600.bz2,p2c,45899.0,150888.0
45899,150905,8,bknix.rib.20260104.0200.bz2;hkix.rib.20260105.0800.bz2;kr.rib.20260130.2000.bz2;linx.rib.20260109.1000.bz2;rv4.rib.20260102.0000.bz2;sg.rib.20260123.1800.bz2;syd.rib.20260127.2200.bz2;wide.rib.20260127.1600.bz2,p2c,45899.0,150905.0
45899,151867,8,bknix.rib.20260104.0200.bz2;hkix.rib.20260105.0800.bz2;kr.rib.20260130.2000.bz2;linx.rib.20260109.1000.bz2;rv4.rib.20260102.0000.bz2;sg.rib.20260123.1800.bz2;syd.rib.20260127.2200.bz2;wide.rib.20260127.1600.bz2,p2c,45899.0,151867.0
45899,151870,5,bknix.rib.20260104.0200.bz2;kr.rib.20260130.2000.bz2;linx.rib.20260109.1000.bz2;rv4.rib.20260102.0000.bz2;sg.rib.20260123.1800.bz2,p2c,45899.0,151870.0
45899,151903,8,bknix.rib.20260104.0200.bz2;hkix.rib.20260105.0800.bz2;kr.rib.20260130.2000.bz2;linx.rib.20260109.1000.bz2;rv4.rib.20260102.0000.bz2;sg.rib.20260123.1800.bz2;syd.rib.20260127.2200.bz2;wide.rib.20260127.1600.bz2,p2c,45899.0,151903.0
45899,151913,7,hkix.rib.20260105.0800.bz2;kr.rib.20260130.2000.bz2;linx.rib.20260109.1000.bz2;rv4.rib.20260102.0000.bz2;sg.rib.20260123.1800.bz2;syd.rib.20260127.2200.bz2;wide.rib.20260127.1600.bz2,p2c,45899.0,151913.0
45899,152990,7,hkix.rib.20260105.0800.bz2;kr.rib.20260130.2000.bz2;linx.rib.20260109.1000.bz2;rv4.rib.20260102.0000.bz2;sg.rib.20260123.1800.bz2;syd.rib.20260127.2200.bz2;wide.rib.20260127.1600.bz2,p2c,45899.0,152990.0
45899,152994,6,hkix.rib.20260105.0800.bz2;linx.rib.20260109.1000.bz2;rv4.rib.20260102.0000.bz2;sg.rib.20260123.1800.bz2;syd.rib.20260127.2200.bz2;wide.rib.20260127.1600.bz2,p2c,45899.0,152994.0
45899,153004,7,hkix.rib.20260105.0800.bz2;kr.rib.20260130.2000.bz2;linx.rib.20260109.1000.bz2;rv4.rib.20260102.0000.bz2;sg.rib.20260123.1800.bz2;syd.rib.20260127.2200.bz2;wide.rib.20260127.1600.bz2,p2c,45899.0,153004.0
45899,153941,7,hkix.rib.20260105.0800.bz2;kr.rib.20260130.2000.bz2;linx.rib.20260109.1000.bz2;rv4.rib.20260102.0000.bz2;sg.rib.20260123.1800.bz2;syd.rib.20260127.2200.bz2;wide.rib.20260127.1600.bz2,p2c,45899.0,153941.0
45899,154406,8,bknix.rib.20260104.0200.bz2;hkix.rib.20260105.0800.bz2;kr.rib.20260130.2000.bz2;linx.rib.20260109.1000.bz2;rv4.rib.20260102.0000.bz2;sg.rib.20260123.1800.bz2;syd.rib.20260127.2200.bz2;wide.rib.20260127.1600.bz2,p2c,45899.0,154406.0
45901,45903,8,bknix.rib.20260104.0200.bz2;hkix.rib.20260105.0800.bz2;kr.rib.20260130.2000.bz2;linx.rib.20260109.1000.bz2;rv4.rib.20260102.0000.bz2;sg.rib.20260123.1800.bz2;syd.rib.20260127.2200.bz2;wide.rib.20260127.1600.bz2,p2c,45903.0,45901.0
45903,55306,7,hkix.rib.20260105.0800.bz2;kr.rib.20260130.2000.bz2;linx.rib.20260109.1000.bz2;rv4.rib.20260102.0000.bz2;sg.rib.20260123.1800.bz2;syd.rib.20260127.2200.bz2;wide.rib.20260127.1600.bz2,p2c,45903.0,55306.0
45903,55307,6,hkix.rib.20260105.0800.bz2;kr.rib.20260130.2000.bz2;rv4.rib.20260102.0000.bz2;sg.rib.20260123.1800.bz2;syd.rib.20260127.2200.bz2;wide.rib.20260127.1600.bz2,p2c,45903.0,55307.0
45903,55309,8,bknix.rib.20260104.0200.bz2;hkix.rib.20260105.0800.bz2;kr.rib.20260130.2000.bz2;linx.rib.20260109.1000.bz2;rv4.rib.20260102.0000.bz2;sg.rib.20260123.1800.bz2;syd.rib.20260127.2200.bz2;wide.rib.20260127.1600.bz2,p2c,45903.0,55309.0
45903,55310,7,hkix.rib.20260105.0800.bz2;kr.rib.20260130.2000.bz2;linx.rib.20260109.1000.bz2;rv4.rib.20260102.0000.bz2;sg.rib.20260123.1800.bz2;syd.rib.20260127.2200.bz2;wide.rib.20260127.1600.bz2,p2c,45903.0,55310.0
45903,55313,7,hkix.rib.20260105.0800.bz2;kr.rib.20260130.2000.bz2;linx.rib.20260109.1000.bz2;rv4.rib.20260102.0000.bz2;sg.rib.20260123.1800.bz2;syd.rib.20260127.2200.bz2;wide.rib.20260127.1600.bz2,p2c,45903.0,55313.0
45903,55316,7,hkix.rib.20260105.0800.bz2;kr.rib.20260130.2000.bz2;linx.rib.20260109.1000.bz2;rv4.rib.20260102.0000.bz2;sg.rib.20260123.1800.bz2;syd.rib.20260127.2200.bz2;wide.rib.20260127.1600.bz2,p2c,45903.0,55316.0
45903,55317,5,hkix.rib.20260105.0800.bz2;linx.rib.20260109.1000.bz2;rv4.rib.20260102.0000.bz2;sg.rib.20260123.1800.bz2;syd.rib.20260127.2200.bz2,p2c,45903.0,55317.0
45903,55318,7,bknix.rib.20260104.0200.bz2;hkix.rib.20260105.0800.bz2;kr.rib.20260130.2000.bz2;linx.rib.20260109.1000.bz2;sg.rib.20260123.1800.bz2;syd.rib.20260127.2200.bz2;wide.rib.20260127.1600.bz2,p2c,45903.0,55318.0
45903,56144,8,bknix.rib.20260104.0200.bz2;hkix.rib.20260105.0800.bz2;kr.rib.20260130.2000.bz2;linx.rib.20260109.1000.bz2;rv4.rib.20260102.0000.bz2;sg.rib.20260123.1800.bz2;syd.rib.20260127.2200.bz2;wide.rib.20260127.1600.bz2,p2c,45903.0,56144.0
45903,56146,7,hkix.rib.20260105.0800.bz2;kr.rib.20260130.2000.bz2;linx.rib.20260109.1000.bz2;rv4.rib.20260102.0000.bz2;sg.rib.20260123.1800.bz2;syd.rib.20260127.2200.bz2;wide.rib.20260127.1600.bz2,p2c,45903.0,56146.0
45903,56147,7,hkix.rib.20260105.0800.bz2;kr.rib.20260130.2000.bz2;linx.rib.20260109.1000.bz2;rv4.rib.20260102.0000.bz2;sg.rib.20260123.1800.bz2;syd.rib.20260127.2200.bz2;wide.rib.20260127.1600.bz2,p2c,45903.0,56147.0
45903,56150,8,bknix.rib.20260104.0200.bz2;hkix.rib.20260105.0800.bz2;kr.rib.20260130.2000.bz2;linx.rib.20260109.1000.bz2;rv4.rib.20260102.0000.bz2;sg.rib.20260123.1800.bz2;syd.rib.20260127.2200.bz2;wide.rib.20260127.1600.bz2,p2c,45903.0,56150.0
45903,56159,5,hkix.rib.20260105.0800.bz2;linx.rib.20260109.1000.bz2;rv4.rib.20260102.0000.bz2;sg.rib.20260123.1800.bz2;wide.rib.20260127.1600.bz2,p2c,45903.0,56159.0
45903,63731,8,bknix.rib.20260104.0200.bz2;hkix.rib.20260105.0800.bz2;kr.rib.20260130.2000.bz2;linx.rib.20260109.1000.bz2;rv4.rib.20260102.0000.bz2;sg.rib.20260123.1800.bz2;syd.rib.20260127.2200.bz2;wide.rib.20260127.1600.bz2,p2c,45903.0,63731.0
45903,63736,7,hkix.rib.20260105.0800.bz2;kr.rib.20260130.2000.bz2;linx.rib.20260109.1000.bz2;rv4.rib.20260102.0000.bz2;sg.rib.20260123.1800.bz2;syd.rib.20260127.2200.bz2;wide.rib.20260127.1600.bz2,p2c,45903.0,63736.0
45903,63741,8,bknix.rib.20260104.0200.bz2;hkix.rib.20260105.0800.bz2;kr.rib.20260130.2000.bz2;linx.rib.20260109.1000.bz2;rv4.rib.20260102.0000.bz2;sg.rib.20260123.1800.bz2;syd.rib.20260127.2200.bz2;wide.rib.20260127.1600.bz2,p2c,45903.0,63741.0
45903,63743,8,bknix.rib.20260104.0200.bz2;hkix.rib.20260105.0800.bz2;kr.rib.20260130.2000.bz2;linx.rib.20260109.1000.bz2;rv4.rib.20260102.0000.bz2;sg.rib.20260123.1800.bz2;syd.rib.20260127.2200.bz2;wide.rib.20260127.1600.bz2,p2c,45903.0,63743.0
45903,63749,7,hkix.rib.20260105.0800.bz2;kr.rib.20260130.2000.bz2;linx.rib.20260109.1000.bz2;rv4.rib.20260102.0000.bz2;sg.rib.20260123.1800.bz2;syd.rib.20260127.2200.bz2;wide.rib.20260127.1600.bz2,p2c,45903.0,63749.0
45903,63751,7,hkix.rib.20260105.0800.bz2;kr.rib.20260130.2000.bz2;linx.rib.20260109.1000.bz2;rv4.rib.20260102.0000.bz2;sg.rib.20260123.1800.bz2;syd.rib.20260127.2200.bz2;wide.rib.20260127.1600.bz2,p2c,45903.0,63751.0
45903,63753,7,hkix.rib.20260105.0800.bz2;kr.rib.20260130.2000.bz2;linx.rib.20260109.1000.bz2;rv4.rib.20260102.0000.bz2;sg.rib.20260123.1800.bz2;syd.rib.20260127.2200.bz2;wide.rib.20260127.1600.bz2,p2c,45903.0,63753.0
45903,63754,7,hkix.rib.20260105.0800.bz2;kr.rib.20260130.2000.bz2;linx.rib.20260109.1000.bz2;rv4.rib.20260102.0000.bz2;sg.rib.20260123.1800.bz2;syd.rib.20260127.2200.bz2;wide.rib.20260127.1600.bz2,p2c,45903.0,63754.0
45903,63755,7,hkix.rib.20260105.0800.bz2;kr.rib.20260130.2000.bz2;linx.rib.20260109.1000.bz2;rv4.rib.20260102.0000.bz2;sg.rib.20260123.1800.bz2;syd.rib.20260127.2200.bz2;wide.rib.20260127.1600.bz2,p2c,45903.0,63755.0
45903,63756,6,hkix.rib.20260105.0800.bz2;kr.rib.20260130.2000.bz2;linx.rib.20260109.1000.bz2;sg.rib.20260123.1800.bz2;syd.rib.20260127.2200.bz2;wide.rib.20260127.1600.bz2,p2c,45903.0,63756.0
45903,63763,3,kr.rib.20260130.2000.bz2;syd.rib.20260127.2200.bz2;wide.rib.20260127.1600.bz2,unknown,,
45903,131127,7,hkix.rib.20260105.0800.bz2;kr.rib.20260130.2000.bz2;linx.rib.20260109.1000.bz2;rv4.rib.20260102.0000.bz2;sg.rib.20260123.1800.bz2;syd.rib.20260127.2200.bz2;wide.rib.20260127.1600.bz2,p2c,45903.0,131127.0
45903,131128,7,hkix.rib.20260105.0800.bz2;kr.rib.20260130.2000.bz2;linx.rib.20260109.1000.bz2;rv4.rib.20260102.0000.bz2;sg.rib.20260123.1800.bz2;syd.rib.20260127.2200.bz2;wide.rib.20260127.1600.bz2,p2c,45903.0,131128.0
45903,131129,6,hkix.rib.20260105.0800.bz2;kr.rib.20260130.2000.bz2;linx.rib.20260109.1000.bz2;rv4.rib.20260102.0000.bz2;sg.rib.20260123.1800.bz2;syd.rib.20260127.2200.bz2,p2c,45903.0,131129.0
45903,131130,8,bknix.rib.20260104.0200.bz2;hkix.rib.20260105.0800.bz2;kr.rib.20260130.2000.bz2;linx.rib.20260109.1000.bz2;rv4.rib.20260102.0000.bz2;sg.rib.20260123.1800.bz2;syd.rib.20260127.2200.bz2;wide.rib.20260127.1600.bz2,p2c,45903.0,131130.0
45903,131344,8,bknix.rib.20260104.0200.bz2;hkix.rib.20260105.0800.bz2;kr.rib.20260130.2000.bz2;linx.rib.20260109.1000.bz2;rv4.rib.20260102.0000.bz2;sg.rib.20260123.1800.bz2;syd.rib.20260127.2200.bz2;wide.rib.20260127.1600.bz2,p2c,45903.0,131344.0
45903,131348,7,hkix.rib.20260105.0800.bz2;kr.rib.20260130.2000.bz2;linx.rib.20260109.1000.bz2;rv4.rib.20260102.0000.bz2;sg.rib.20260123.1800.bz2;syd.rib.20260127.2200.bz2;wide.rib.20260127.1600.bz2,p2c,45903.0,131348.0
45903,131351,7,hkix.rib.20260105.0800.bz2;kr.rib.20260130.2000.bz2;linx.rib.20260109.1000.bz2;rv4.rib.20260102.0000.bz2;sg.rib.20260123.1800.bz2;syd.rib.20260127.2200.bz2;wide.rib.20260127.1600.bz2,p2c,45903.0,131351.0
45903,131354,8,bknix.rib.20260104.0200.bz2;hkix.rib.20260105.0800.bz2;kr.rib.20260130.2000.bz2;linx.rib.20260109.1000.bz2;rv4.rib.20260102.0000.bz2;sg.rib.20260123.1800.bz2;syd.rib.20260127.2200.bz2;wide.rib.20260127.1600.bz2,p2c,45903.0,131354.0
45903,131357,7,hkix.rib.20260105.0800.bz2;kr.rib.20260130.2000.bz2;linx.rib.20260109.1000.bz2;rv4.rib.20260102.0000.bz2;sg.rib.20260123.1800.bz2;syd.rib.20260127.2200.bz2;wide.rib.20260127.1600.bz2,p2c,45903.0,131357.0
45903,131360,8,bknix.rib.20260104.0200.bz2;hkix.rib.20260105.0800.bz2;kr.rib.20260130.2000.bz2;linx.rib.20260109.1000.bz2;rv4.rib.20260102.0000.bz2;sg.rib.20260123.1800.bz2;syd.rib.20260127.2200.bz2;wide.rib.20260127.1600.bz2,p2c,45903.0,131360.0
45903,131364,8,bknix.rib.20260104.0200.bz2;hkix.rib.20260105.0800.bz2;kr.rib.20260130.2000.bz2;linx.rib.20260109.1000.bz2;rv4.rib.20260102.0000.bz2;sg.rib.20260123.1800.bz2;syd.rib.20260127.2200.bz2;wide.rib.20260127.1600.bz2,p2c,45903.0,131364.0
45903,131383,7,hkix.rib.20260105.0800.bz2;kr.rib.20260130.2000.bz2;linx.rib.20260109.1000.bz2;rv4.rib.20260102.0000.bz2;sg.rib.20260123.1800.bz2;syd.rib.20260127.2200.bz2;wide.rib.20260127.1600.bz2,p2c,45903.0,131383.0
45903,131391,7,hkix.rib.20260105.0800.bz2;kr.rib.20260130.2000.bz2;linx.rib.20260109.1000.bz2;rv4.rib.20260102.0000.bz2;sg.rib.20260123.1800.bz2;syd.rib.20260127.2200.bz2;wide.rib.20260127.1600.bz2,p2c,45903.0,131391.0
45903,131392,3,hkix.rib.20260105.0800.bz2;rv4.rib.20260102.0000.bz2;sg.rib.20260123.1800.bz2,p2c,45903.0,131392.0
45903,131398,8,bknix.rib.20260104.0200.bz2;hkix.rib.20260105.0800.bz2;kr.rib.20260130.2000.bz2;linx.rib.20260109.1000.bz2;rv4.rib.20260102.0000.bz2;sg.rib.20260123.1800.bz2;syd.rib.20260127.2200.bz2;wide.rib.20260127.1600.bz2,p2c,45903.0,131398.0
45903,131410,7,hkix.rib.20260105.0800.bz2;kr.rib.20260130.2000.bz2;linx.rib.20260109.1000.bz2;rv4.rib.20260102.0000.bz2;sg.rib.20260123.1800.bz2;syd.rib.20260127.2200.bz2;wide.rib.20260127.1600.bz2,p2c,45903.0,131410.0
45903,131411,7,hkix.rib.20260105.0800.bz2;kr.rib.20260130.2000.bz2;linx.rib.20260109.1000.bz2;rv4.rib.20260102.0000.bz2;sg.rib.20260123.1800.bz2;syd.rib.20260127.2200.bz2;wide.rib.20260127.1600.bz2,p2c,45903.0,131411.0
45903,131421,7,hkix.rib.20260105.0800.bz2;kr.rib.20260130.2000.bz2;linx.rib.20260109.1000.bz2;rv4.rib.20260102.0000.bz2;sg.rib.20260123.1800.bz2;syd.rib.20260127.2200.bz2;wide.rib.20260127.1600.bz2,p2c,45903.0,131421.0
45903,131430,2,linx.rib.20260109.1000.bz2;rv4.rib.20260102.0000.bz2,p2c,45903.0,131430.0
45903,131436,8,bknix.rib.20260104.0200.bz2;hkix.rib.20260105.0800.bz2;kr.rib.20260130.2000.bz2;linx.rib.20260109.1000.bz2;rv4.rib.20260102.0000.bz2;sg.rib.20260123.1800.bz2;syd.rib.20260127.2200.bz2;wide.rib.20260127.1600.bz2,p2c,45903.0,131436.0
45903,131438,7,hkix.rib.20260105.0800.bz2;kr.rib.20260130.2000.bz2;linx.rib.20260109.1000.bz2;rv4.rib.20260102.0000.bz2;sg.rib.20260123.1800.bz2;syd.rib.20260127.2200.bz2;wide.rib.20260127.1600.bz2,p2c,45903.0,131438.0
45903,131439,6,hkix.rib.20260105.0800.bz2;linx.rib.20260109.1000.bz2;rv4.rib.20260102.0000.bz2;sg.rib.20260123.1800.bz2;syd.rib.20260127.2200.bz2;wide.rib.20260127.1600.bz2,p2c,45903.0,131439.0
45903,135933,7,hkix.rib.20260105.0800.bz2;kr.rib.20260130.2000.bz2;linx.rib.20260109.1000.bz2;rv4.rib.20260102.0000.bz2;sg.rib.20260123.1800.bz2;syd.rib.20260127.2200.bz2;wide.rib.20260127.1600.bz2,p2c,45903.0,135933.0
45903,135938,8,bknix.rib.20260104.0200.bz2;hkix.rib.20260105.0800.bz2;kr.rib.20260130.2000.bz2;linx.rib.20260109.1000.bz2;rv4.rib.20260102.0000.bz2;sg.rib.20260123.1800.bz2;syd.rib.20260127.2200.bz2;wide.rib.20260127.1600.bz2,p2c,45903.0,135938.0
45903,135947,7,hkix.rib.20260105.0800.bz2;kr.rib.20260130.2000.bz2;linx.rib.20260109.1000.bz2;rv4.rib.20260102.0000.bz2;sg.rib.20260123.1800.bz2;syd.rib.20260127.2200.bz2;wide.rib.20260127.1600.bz2,p2c,45903.0,135947.0
45903,135952,8,bknix.rib.20260104.0200.bz2;hkix.rib.20260105.0800.bz2;kr.rib.20260130.2000.bz2;linx.rib.20260109.1000.bz2;rv4.rib.20260102.0000.bz2;sg.rib.20260123.1800.bz2;syd.rib.20260127.2200.bz2;wide.rib.20260127.1600.bz2,p2c,45903.0,135952.0
45903,135973,7,hkix.rib.20260105.0800.bz2;kr.rib.20260130.2000.bz2;linx.rib.20260109.1000.bz2;rv4.rib.20260102.0000.bz2;sg.rib.20260123.1800.bz2;syd.rib.20260127.2200.bz2;wide.rib.20260127.1600.bz2,p2c,45903.0,135973.0
45903,135983,8,bknix.rib.20260104.0200.bz2;hkix.rib.20260105.0800.bz2;kr.rib.20260130.2000.bz2;linx.rib.20260109.1000.bz2;rv4.rib.20260102.0000.bz2;sg.rib.20260123.1800.bz2;syd.rib.20260127.2200.bz2;wide.rib.20260127.1600.bz2,p2c,45903.0,135983.0
45903,135988,5,hkix.rib.20260105.0800.bz2;linx.rib.20260109.1000.bz2;rv4.rib.20260102.0000.bz2;sg.rib.20260123.1800.bz2;syd.rib.20260127.2200.bz2,p2c,45903.0,135988.0
45903,135991,7,hkix.rib.20260105.0800.bz2;kr.rib.20260130.2000.bz2;linx.rib.20260109.1000.bz2;rv4.rib.20260102.0000.bz2;sg.rib.20260123.1800.bz2;syd.rib.20260127.2200.bz2;wide.rib.20260127.1600.bz2,p2c,45903.0,135991.0
45903,140739,7,hkix.rib.20260105.0800.bz2;kr.rib.20260130.2000.bz2;linx.rib.20260109.1000.bz2;rv4.rib.20260102.0000.bz2;sg.rib.20260123.1800.bz2;syd.rib.20260127.2200.bz2;wide.rib.20260127.1600.bz2,p2c,45903.0,140739.0
45903,140745,8,bknix.rib.20260104.0200.bz2;hkix.rib.20260105.0800.bz2;kr.rib.20260130.2000.bz2;linx.rib.20260109.1000.bz2;rv4.rib.20260102.0000.bz2;sg.rib.20260123.1800.bz2;syd.rib.20260127.2200.bz2;wide.rib.20260127.1600.bz2,p2c,45903.0,140745.0
45903,140765,8,bknix.rib.20260104.0200.bz2;hkix.rib.20260105.0800.bz2;kr.rib.20260130.2000.bz2;linx.rib.20260109.1000.bz2;rv4.rib.20260102.0000.bz2;sg.rib.20260123.1800.bz2;syd.rib.20260127.2200.bz2;wide.rib.20260127.1600.bz2,p2c,45903.0,140765.0
45903,142025,2,sg.rib.20260123.1800.bz2;syd.rib.20260127.2200.bz2,unknown,,
45903,149099,7,hkix.rib.20260105.0800.bz2;kr.rib.20260130.2000.bz2;linx.rib.20260109.1000.bz2;rv4.rib.20260102.0000.bz2;sg.rib.20260123.1800.bz2;syd.rib.20260127.2200.bz2;wide.rib.20260127.1600.bz2,p2c,45903.0,149099.0
45903,149100,6,hkix.rib.20260105.0800.bz2;kr.rib.20260130.2000.bz2;linx.rib.20260109.1000.bz2;rv4.rib.20260102.0000.bz2;sg.rib.20260123.1800.bz2;syd.rib.20260127.2200.bz2,p2c,45903.0,149100.0
45903,149128,7,hkix.rib.20260105.0800.bz2;kr.rib.20260130.2000.bz2;linx.rib.20260109.1000.bz2;rv4.rib.20260102.0000.bz2;sg.rib.20260123.1800.bz2;syd.rib.20260127.2200.bz2;wide.rib.20260127.1600.bz2,p2c,45903.0,149128.0
45903,150837,7,hkix.rib.20260105.0800.bz2;kr.rib.20260130.2000.bz2;linx.rib.20260109.1000.bz2;rv4.rib.20260102.0000.bz2;sg.rib.20260123.1800.bz2;syd.rib.20260127.2200.bz2;wide.rib.20260127.1600.bz2,p2c,45903.0,150837.0
45903,150857,7,hkix.rib.20260105.0800.bz2;kr.rib.20260130.2000.bz2;linx.rib.20260109.1000.bz2;rv4.rib.20260102.0000.bz2;sg.rib.20260123.1800.bz2;syd.rib.20260127.2200.bz2;wide.rib.20260127.1600.bz2,p2c,45903.0,150857.0
45903,150866,8,bknix.rib.20260104.0200.bz2;hkix.rib.20260105.0800.bz2;kr.rib.20260130.2000.bz2;linx.rib.20260109.1000.bz2;rv4.rib.20260102.0000.bz2;sg.rib.20260123.1800.bz2;syd.rib.20260127.2200.bz2;wide.rib.20260127.1600.bz2,p2c,45903.0,150866.0
45903,150869,8,bknix.rib.20260104.0200.bz2;hkix.rib.20260105.0800.bz2;kr.rib.20260130.2000.bz2;linx.rib.20260109.1000.bz2;rv4.rib.20260102.0000.bz2;sg.rib.20260123.1800.bz2;syd.rib.20260127.2200.bz2;wide.rib.20260127.1600.bz2,p2c,45903.0,150869.0
45903,151868,7,hkix.rib.20260105.0800.bz2;kr.rib.20260130.2000.bz2;linx.rib.20260109.1000.bz2;rv4.rib.20260102.0000.bz2;sg.rib.20260123.1800.bz2;syd.rib.20260127.2200.bz2;wide.rib.20260127.1600.bz2,p2c,45903.0,151868.0
45903,151911,1,sg.rib.20260123.1800.bz2,p2p,,
45903,151923,7,hkix.rib.20260105.0800.bz2;kr.rib.20260130.2000.bz2;linx.rib.20260109.1000.bz2;rv4.rib.20260102.0000.bz2;sg.rib.20260123.1800.bz2;syd.rib.20260127.2200.bz2;wide.rib.20260127.1600.bz2,p2c,45903.0,151923.0
45903,152940,8,bknix.rib.20260104.0200.bz2;hkix.rib.20260105.0800.bz2;kr.rib.20260130.2000.bz2;linx.rib.20260109.1000.bz2;rv4.rib.20260102.0000.bz2;sg.rib.20260123.1800.bz2;syd.rib.20260127.2200.bz2;wide.rib.20260127.1600.bz2,p2c,45903.0,152940.0
45903,152944,7,hkix.rib.20260105.0800.bz2;kr.rib.20260130.2000.bz2;linx.rib.20260109.1000.bz2;rv4.rib.20260102.0000.bz2;sg.rib.20260123.1800.bz2;syd.rib.20260127.2200.bz2;wide.rib.20260127.1600.bz2,p2c,45903.0,152944.0
45903,152968,7,hkix.rib.20260105.0800.bz2;kr.rib.20260130.2000.bz2;linx.rib.20260109.1000.bz2;rv4.rib.20260102.0000.bz2;sg.rib.20260123.1800.bz2;syd.rib.20260127.2200.bz2;wide.rib.20260127.1600.bz2,p2c,45903.0,152968.0
45903,152994,7,hkix.rib.20260105.0800.bz2;kr.rib.20260130.2000.bz2;linx.rib.20260109.1000.bz2;rv4.rib.20260102.0000.bz2;sg.rib.20260123.1800.bz2;syd.rib.20260127.2200.bz2;wide.rib.20260127.1600.bz2,p2c,45903.0,152994.0
45903,153013,8,bknix.rib.20260104.0200.bz2;hkix.rib.20260105.0800.bz2;kr.rib.20260130.2000.bz2;linx.rib.20260109.1000.bz2;rv4.rib.20260102.0000.bz2;sg.rib.20260123.1800.bz2;syd.rib.20260127.2200.bz2;wide.rib.20260127.1600.bz2,p2c,45903.0,153013.0
45903,153450,8,bknix.rib.20260104.0200.bz2;hkix.rib.20260105.0800.bz2;kr.rib.20260130.2000.bz2;linx.rib.20260109.1000.bz2;rv4.rib.20260102.0000.bz2;sg.rib.20260123.1800.bz2;syd.rib.20260127.2200.bz2;wide.rib.20260127.1600.bz2,unknown,,
45903,153651,1,hkix.rib.20260105.0800.bz2,unknown,,
45903,153941,5,hkix.rib.20260105.0800.bz2;linx.rib.20260109.1000.bz2;rv4.rib.20260102.0000.bz2;sg.rib.20260123.1800.bz2;syd.rib.20260127.2200.bz2,p2c,45903.0,153941.0
45903,154144,8,bknix.rib.20260104.0200.bz2;hkix.rib.20260105.0800.bz2;kr.rib.20260130.2000.bz2;linx.rib.20260109.1000.bz2;rv4.rib.20260102.0000.bz2;sg.rib.20260123.1800.bz2;syd.rib.20260127.2200.bz2;wide.rib.20260127.1600.bz2,p2c,45903.0,154144.0
45903,154406,7,hkix.rib.20260105.0800.bz2;kr.rib.20260130.2000.bz2;linx.rib.20260109.1000.bz2;rv4.rib.20260102.0000.bz2;sg.rib.20260123.1800.bz2;syd.rib.20260127.2200.bz2;wide.rib.20260127.1600.bz2,p2c,45903.0,154406.0
55309,131127,7,hkix.rib.20260105.0800.bz2;kr.rib.20260130.2000.bz2;linx.rib.20260109.1000.bz2;rv4.rib.20260102.0000.bz2;sg.rib.20260123.1800.bz2;syd.rib.20260127.2200.bz2;wide.rib.20260127.1600.bz2,p2c,55309.0,131127.0
55309,131345,7,hkix.rib.20260105.0800.bz2;kr.rib.20260130.2000.bz2;linx.rib.20260109.1000.bz2;rv4.rib.20260102.0000.bz2;sg.rib.20260123.1800.bz2;syd.rib.20260127.2200.bz2;wide.rib.20260127.1600.bz2,p2c,55309.0,131345.0
55309,131351,6,hkix.rib.20260105.0800.bz2;linx.rib.20260109.1000.bz2;rv4.rib.20260102.0000.bz2;sg.rib.20260123.1800.bz2;syd.rib.20260127.2200.bz2;wide.rib.20260127.1600.bz2,p2c,55309.0,131351.0
55309,131391,7,hkix.rib.20260105.0800.bz2;kr.rib.20260130.2000.bz2;linx.rib.20260109.1000.bz2;rv4.rib.20260102.0000.bz2;sg.rib.20260123.1800.bz2;syd.rib.20260127.2200.bz2;wide.rib.20260127.1600.bz2,p2c,55309.0,131391.0
55309,131429,7,hkix.rib.20260105.0800.bz2;kr.rib.20260130.2000.bz2;linx.rib.20260109.1000.bz2;rv4.rib.20260102.0000.bz2;sg.rib.20260123.1800.bz2;syd.rib.20260127.2200.bz2;wide.rib.20260127.1600.bz2,p2c,131429.0,55309.0
55309,135943,7,hkix.rib.20260105.0800.bz2;kr.rib.20260130.2000.bz2;linx.rib.20260109.1000.bz2;rv4.rib.20260102.0000.bz2;sg.rib.20260123.1800.bz2;syd.rib.20260127.2200.bz2;wide.rib.20260127.1600.bz2,p2c,55309.0,135943.0
55315,131421,3,linx.rib.20260109.1000.bz2;rv4.rib.20260102.0000.bz2;sg.rib.20260123.1800.bz2,p2c,131421.0,55315.0
56141,131429,8,bknix.rib.20260104.0200.bz2;hkix.rib.20260105.0800.bz2;kr.rib.20260130.2000.bz2;linx.rib.20260109.1000.bz2;rv4.rib.20260102.0000.bz2;sg.rib.20260123.1800.bz2;syd.rib.20260127.2200.bz2;wide.rib.20260127.1600.bz2,p2c,131429.0,56141.0
56146,135905,7,hkix.rib.20260105.0800.bz2;kr.rib.20260130.2000.bz2;linx.rib.20260109.1000.bz2;rv4.rib.20260102.0000.bz2;sg.rib.20260123.1800.bz2;syd.rib.20260127.2200.bz2;wide.rib.20260127.1600.bz2,p2c,135905.0,56146.0
56147,63764,8,bknix.rib.20260104.0200.bz2;hkix.rib.20260105.0800.bz2;kr.rib.20260130.2000.bz2;linx.rib.20260109.1000.bz2;rv4.rib.20260102.0000.bz2;sg.rib.20260123.1800.bz2;syd.rib.20260127.2200.bz2;wide.rib.20260127.1600.bz2,p2c,56147.0,63764.0
56147,131365,8,bknix.rib.20260104.0200.bz2;hkix.rib.20260105.0800.bz2;kr.rib.20260130.2000.bz2;linx.rib.20260109.1000.bz2;rv4.rib.20260102.0000.bz2;sg.rib.20260123.1800.bz2;syd.rib.20260127.2200.bz2;wide.rib.20260127.1600.bz2,p2c,56147.0,131365.0
56147,131412,3,linx.rib.20260109.1000.bz2;rv4.rib.20260102.0000.bz2;syd.rib.20260127.2200.bz2,p2c,56147.0,131412.0
56147,149096,7,hkix.rib.20260105.0800.bz2;kr.rib.20260130.2000.bz2;linx.rib.20260109.1000.bz2;rv4.rib.20260102.0000.bz2;sg.rib.20260123.1800.bz2;syd.rib.20260127.2200.bz2;wide.rib.20260127.1600.bz2,p2c,56147.0,149096.0
56147,152947,7,hkix.rib.20260105.0800.bz2;kr.rib.20260130.2000.bz2;linx.rib.20260109.1000.bz2;rv4.rib.20260102.0000.bz2;sg.rib.20260123.1800.bz2;syd.rib.20260127.2200.bz2;wide.rib.20260127.1600.bz2,p2c,56147.0,152947.0
56149,63755,2,rv4.rib.20260102.0000.bz2;sg.rib.20260123.1800.bz2,p2c,56149.0,63755.0
56149,131358,7,hkix.rib.20260105.0800.bz2;kr.rib.20260130.2000.bz2;linx.rib.20260109.1000.bz2;rv4.rib.20260102.0000.bz2;sg.rib.20260123.1800.bz2;syd.rib.20260127.2200.bz2;wide.rib.20260127.1600.bz2,p2c,56149.0,131358.0
56149,131390,7,hkix.rib.20260105.0800.bz2;kr.rib.20260130.2000.bz2;linx.rib.20260109.1000.bz2;rv4.rib.20260102.0000.bz2;sg.rib.20260123.1800.bz2;syd.rib.20260127.2200.bz2;wide.rib.20260127.1600.bz2,p2c,56149.0,131390.0
56153,135905,8,bknix.rib.20260104.0200.bz2;hkix.rib.20260105.0800.bz2;kr.rib.20260130.2000.bz2;linx.rib.20260109.1000.bz2;rv4.rib.20260102.0000.bz2;sg.rib.20260123.1800.bz2;syd.rib.20260127.2200.bz2;wide.rib.20260127.1600.bz2,p2c,135905.0,56153.0
56155,63731,8,bknix.rib.20260104.0200.bz2;hkix.rib.20260105.0800.bz2;kr.rib.20260130.2000.bz2;linx.rib.20260109.1000.bz2;rv4.rib.20260102.0000.bz2;sg.rib.20260123.1800.bz2;syd.rib.20260127.2200.bz2;wide.rib.20260127.1600.bz2,p2c,63731.0,56155.0
56160,131429,7,hkix.rib.20260105.0800.bz2;kr.rib.20260130.2000.bz2;linx.rib.20260109.1000.bz2;rv4.rib.20260102.0000.bz2;sg.rib.20260123.1800.bz2;syd.rib.20260127.2200.bz2;wide.rib.20260127.1600.bz2,p2c,131429.0,56160.0
56160,135905,2,linx.rib.20260109.1000.bz2;sg.rib.20260123.1800.bz2,p2c,135905.0,56160.0
63731,131429,5,linx.rib.20260109.1000.bz2;rv4.rib.20260102.0000.bz2;sg.rib.20260123.1800.bz2;syd.rib.20260127.2200.bz2;wide.rib.20260127.1600.bz2,p2c,131429.0,63731.0
63731,135926,7,hkix.rib.20260105.0800.bz2;kr.rib.20260130.2000.bz2;linx.rib.20260109.1000.bz2;rv4.rib.20260102.0000.bz2;sg.rib.20260123.1800.bz2;syd.rib.20260127.2200.bz2;wide.rib.20260127.1600.bz2,p2c,63731.0,135926.0
63731,153428,7,bknix.rib.20260104.0200.bz2;hkix.rib.20260105.0800.bz2;kr.rib.20260130.2000.bz2;linx.rib.20260109.1000.bz2;rv4.rib.20260102.0000.bz2;sg.rib.20260123.1800.bz2;syd.rib.20260127.2200.bz2,p2c,63731.0,153428.0
63733,131418,8,bknix.rib.20260104.0200.bz2;hkix.rib.20260105.0800.bz2;kr.rib.20260130.2000.bz2;linx.rib.20260109.1000.bz2;rv4.rib.20260102.0000.bz2;sg.rib.20260123.1800.bz2;syd.rib.20260127.2200.bz2;wide.rib.20260127.1600.bz2,p2c,131418.0,63733.0
63733,131435,7,hkix.rib.20260105.0800.bz2;kr.rib.20260130.2000.bz2;linx.rib.20260109.1000.bz2;rv4.rib.20260102.0000.bz2;sg.rib.20260123.1800.bz2;syd.rib.20260127.2200.bz2;wide.rib.20260127.1600.bz2,p2c,131435.0,63733.0
63733,135947,7,hkix.rib.20260105.0800.bz2;kr.rib.20260130.2000.bz2;linx.rib.20260109.1000.bz2;rv4.rib.20260102.0000.bz2;sg.rib.20260123.1800.bz2;syd.rib.20260127.2200.bz2;wide.rib.20260127.1600.bz2,p2c,135947.0,63733.0
63735,135905,8,bknix.rib.20260104.0200.bz2;hkix.rib.20260105.0800.bz2;kr.rib.20260130.2000.bz2;linx.rib.20260109.1000.bz2;rv4.rib.20260102.0000.bz2;sg.rib.20260123.1800.bz2;syd.rib.20260127.2200.bz2;wide.rib.20260127.1600.bz2,p2c,135905.0,63735.0
63736,131429,7,hkix.rib.20260105.0800.bz2;kr.rib.20260130.2000.bz2;linx.rib.20260109.1000.bz2;rv4.rib.20260102.0000.bz2;sg.rib.20260123.1800.bz2;syd.rib.20260127.2200.bz2;wide.rib.20260127.1600.bz2,p2c,131429.0,63736.0
63737,135905,8,bknix.rib.20260104.0200.bz2;hkix.rib.20260105.0800.bz2;kr.rib.20260130.2000.bz2;linx.rib.20260109.1000.bz2;rv4.rib.20260102.0000.bz2;sg.rib.20260123.1800.bz2;syd.rib.20260127.2200.bz2;wide.rib.20260127.1600.bz2,p2c,135905.0,63737.0
63739,135905,7,hkix.rib.20260105.0800.bz2;kr.rib.20260130.2000.bz2;linx.rib.20260109.1000.bz2;rv4.rib.20260102.0000.bz2;sg.rib.20260123.1800.bz2;syd.rib.20260127.2200.bz2;wide.rib.20260127.1600.bz2,p2c,135905.0,63739.0
63741,131127,5,hkix.rib.20260105.0800.bz2;linx.rib.20260109.1000.bz2;rv4.rib.20260102.0000.bz2;sg.rib.20260123.1800.bz2;syd.rib.20260127.2200.bz2,p2c,131127.0,63741.0
63747,131375,8,bknix.rib.20260104.0200.bz2;hkix.rib.20260105.0800.bz2;kr.rib.20260130.2000.bz2;linx.rib.20260109.1000.bz2;rv4.rib.20260102.0000.bz2;sg.rib.20260123.1800.bz2;syd.rib.20260127.2200.bz2;wide.rib.20260127.1600.bz2,unknown,,
63763,135905,5,hkix.rib.20260105.0800.bz2;linx.rib.20260109.1000.bz2;rv4.rib.20260102.0000.bz2;sg.rib.20260123.1800.bz2;syd.rib.20260127.2200.bz2,p2c,135905.0,63763.0
63766,135905,7,hkix.rib.20260105.0800.bz2;kr.rib.20260130.2000.bz2;linx.rib.20260109.1000.bz2;rv4.rib.20260102.0000.bz2;sg.rib.20260123.1800.bz2;syd.rib.20260127.2200.bz2;wide.rib.20260127.1600.bz2,p2c,135905.0,63766.0
63767,131418,7,hkix.rib.20260105.0800.bz2;kr.rib.20260130.2000.bz2;linx.rib.20260109.1000.bz2;rv4.rib.20260102.0000.bz2;sg.rib.20260123.1800.bz2;syd.rib.20260127.2200.bz2;wide.rib.20260127.1600.bz2,p2c,131418.0,63767.0
63767,135947,6,hkix.rib.20260105.0800.bz2;kr.rib.20260130.2000.bz2;linx.rib.20260109.1000.bz2;rv4.rib.20260102.0000.bz2;sg.rib.20260123.1800.bz2;syd.rib.20260127.2200.bz2,p2c,135947.0,63767.0
63768,131418,7,hkix.rib.20260105.0800.bz2;kr.rib.20260130.2000.bz2;linx.rib.20260109.1000.bz2;rv4.rib.20260102.0000.bz2;sg.rib.20260123.1800.bz2;syd.rib.20260127.2200.bz2;wide.rib.20260127.1600.bz2,p2c,131418.0,63768.0
63768,135947,7,hkix.rib.20260105.0800.bz2;kr.rib.20260130.2000.bz2;linx.rib.20260109.1000.bz2;rv4.rib.20260102.0000.bz2;sg.rib.20260123.1800.bz2;syd.rib.20260127.2200.bz2;wide.rib.20260127.1600.bz2,p2c,135947.0,63768.0
131127,153013,8,bknix.rib.20260104.0200.bz2;hkix.rib.20260105.0800.bz2;kr.rib.20260130.2000.bz2;linx.rib.20260109.1000.bz2;rv4.rib.20260102.0000.bz2;sg.rib.20260123.1800.bz2;syd.rib.20260127.2200.bz2;wide.rib.20260127.1600.bz2,p2c,153013.0,131127.0
131371,135964,7,hkix.rib.20260105.0800.bz2;kr.rib.20260130.2000.bz2;linx.rib.20260109.1000.bz2;rv4.rib.20260102.0000.bz2;sg.rib.20260123.1800.bz2;syd.rib.20260127.2200.bz2;wide.rib.20260127.1600.bz2,p2c,135964.0,131371.0
131374,135905,8,bknix.rib.20260104.0200.bz2;hkix.rib.20260105.0800.bz2;kr.rib.20260130.2000.bz2;linx.rib.20260109.1000.bz2;rv4.rib.20260102.0000.bz2;sg.rib.20260123.1800.bz2;syd.rib.20260127.2200.bz2;wide.rib.20260127.1600.bz2,p2c,135905.0,131374.0
131383,131421,7,bknix.rib.20260104.0200.bz2;kr.rib.20260130.2000.bz2;linx.rib.20260109.1000.bz2;rv4.rib.20260102.0000.bz2;sg.rib.20260123.1800.bz2;syd.rib.20260127.2200.bz2;wide.rib.20260127.1600.bz2,p2c,131421.0,131383.0
131386,131429,7,hkix.rib.20260105.0800.bz2;kr.rib.20260130.2000.bz2;linx.rib.20260109.1000.bz2;rv4.rib.20260102.0000.bz2;sg.rib.20260123.1800.bz2;syd.rib.20260127.2200.bz2;wide.rib.20260127.1600.bz2,p2c,131429.0,131386.0
131390,131403,7,hkix.rib.20260105.0800.bz2;kr.rib.20260130.2000.bz2;linx.rib.20260109.1000.bz2;rv4.rib.20260102.0000.bz2;sg.rib.20260123.1800.bz2;syd.rib.20260127.2200.bz2;wide.rib.20260127.1600.bz2,p2c,131403.0,131390.0
131409,131429,8,bknix.rib.20260104.0200.bz2;hkix.rib.20260105.0800.bz2;kr.rib.20260130.2000.bz2;linx.rib.20260109.1000.bz2;rv4.rib.20260102.0000.bz2;sg.rib.20260123.1800.bz2;syd.rib.20260127.2200.bz2;wide.rib.20260127.1600.bz2,p2c,131429.0,131409.0
131418,131435,7,hkix.rib.20260105.0800.bz2;kr.rib.20260130.2000.bz2;linx.rib.20260109.1000.bz2;rv4.rib.20260102.0000.bz2;sg.rib.20260123.1800.bz2;syd.rib.20260127.2200.bz2;wide.rib.20260127.1600.bz2,p2c,131418.0,131435.0
131418,135905,7,hkix.rib.20260105.0800.bz2;kr.rib.20260130.2000.bz2;linx.rib.20260109.1000.bz2;rv4.rib.20260102.0000.bz2;sg.rib.20260123.1800.bz2;syd.rib.20260127.2200.bz2;wide.rib.20260127.1600.bz2,p2c,135905.0,131418.0
131418,135935,7,hkix.rib.20260105.0800.bz2;kr.rib.20260130.2000.bz2;linx.rib.20260109.1000.bz2;rv4.rib.20260102.0000.bz2;sg.rib.20260123.1800.bz2;syd.rib.20260127.2200.bz2;wide.rib.20260127.1600.bz2,p2c,131418.0,135935.0
131418,135947,8,bknix.rib.20260104.0200.bz2;hkix.rib.20260105.0800.bz2;kr.rib.20260130.2000.bz2;linx.rib.20260109.1000.bz2;rv4.rib.20260102.0000.bz2;sg.rib.20260123.1800.bz2;syd.rib.20260127.2200.bz2;wide.rib.20260127.1600.bz2,p2c,131418.0,135947.0
131418,135948,8,bknix.rib.20260104.0200.bz2;hkix.rib.20260105.0800.bz2;kr.rib.20260130.2000.bz2;linx.rib.20260109.1000.bz2;rv4.rib.20260102.0000.bz2;sg.rib.20260123.1800.bz2;syd.rib.20260127.2200.bz2;wide.rib.20260127.1600.bz2,unknown,,
131421,131430,8,bknix.rib.20260104.0200.bz2;hkix.rib.20260105.0800.bz2;kr.rib.20260130.2000.bz2;linx.rib.20260109.1000.bz2;rv4.rib.20260102.0000.bz2;sg.rib.20260123.1800.bz2;syd.rib.20260127.2200.bz2;wide.rib.20260127.1600.bz2,p2c,131421.0,131430.0
131421,131438,8,bknix.rib.20260104.0200.bz2;hkix.rib.20260105.0800.bz2;kr.rib.20260130.2000.bz2;linx.rib.20260109.1000.bz2;rv4.rib.20260102.0000.bz2;sg.rib.20260123.1800.bz2;syd.rib.20260127.2200.bz2;wide.rib.20260127.1600.bz2,p2c,131421.0,131438.0
131421,149069,4,kr.rib.20260130.2000.bz2;sg.rib.20260123.1800.bz2;syd.rib.20260127.2200.bz2;wide.rib.20260127.1600.bz2,unknown,,
131421,149142,8,bknix.rib.20260104.0200.bz2;hkix.rib.20260105.0800.bz2;kr.rib.20260130.2000.bz2;linx.rib.20260109.1000.bz2;rv4.rib.20260102.0000.bz2;sg.rib.20260123.1800.bz2;syd.rib.20260127.2200.bz2;wide.rib.20260127.1600.bz2,p2c,131421.0,149142.0
131421,153650,4,hkix.rib.20260105.0800.bz2;kr.rib.20260130.2000.bz2;linx.rib.20260109.1000.bz2;sg.rib.20260123.1800.bz2,p2c,131421.0,153650.0
131423,150823,7,hkix.rib.20260105.0800.bz2;kr.rib.20260130.2000.bz2;linx.rib.20260109.1000.bz2;rv4.rib.20260102.0000.bz2;sg.rib.20260123.1800.bz2;syd.rib.20260127.2200.bz2;wide.rib.20260127.1600.bz2,p2c,131423.0,150823.0
131425,135905,8,bknix.rib.20260104.0200.bz2;hkix.rib.20260105.0800.bz2;kr.rib.20260130.2000.bz2;linx.rib.20260109.1000.bz2;rv4.rib.20260102.0000.bz2;sg.rib.20260123.1800.bz2;syd.rib.20260127.2200.bz2;wide.rib.20260127.1600.bz2,p2c,135905.0,131425.0
131429,131440,7,hkix.rib.20260105.0800.bz2;kr.rib.20260130.2000.bz2;linx.rib.20260109.1000.bz2;rv4.rib.20260102.0000.bz2;sg.rib.20260123.1800.bz2;syd.rib.20260127.2200.bz2;wide.rib.20260127.1600.bz2,p2c,131429.0,131440.0
131429,135912,2,rv4.rib.20260102.0000.bz2;sg.rib.20260123.1800.bz2,p2c,131429.0,135912.0
131429,135964,7,hkix.rib.20260105.0800.bz2;kr.rib.20260130.2000.bz2;linx.rib.20260109.1000.bz2;rv4.rib.20260102.0000.bz2;sg.rib.20260123.1800.bz2;syd.rib.20260127.2200.bz2;wide.rib.20260127.1600.bz2,p2c,131429.0,135964.0
131429,140764,7,hkix.rib.20260105.0800.bz2;kr.rib.20260130.2000.bz2;linx.rib.20260109.1000.bz2;rv4.rib.20260102.0000.bz2;sg.rib.20260123.1800.bz2;syd.rib.20260127.2200.bz2;wide.rib.20260127.1600.bz2,p2c,131429.0,140764.0
131429,149111,8,bknix.rib.20260104.0200.bz2;hkix.rib.20260105.0800.bz2;kr.rib.20260130.2000.bz2;linx.rib.20260109.1000.bz2;rv4.rib.20260102.0000.bz2;sg.rib.20260123.1800.bz2;syd.rib.20260127.2200.bz2;wide.rib.20260127.1600.bz2,p2c,131429.0,149111.0
131429,151911,8,bknix.rib.20260104.0200.bz2;hkix.rib.20260105.0800.bz2;kr.rib.20260130.2000.bz2;linx.rib.20260109.1000.bz2;rv4.rib.20260102.0000.bz2;sg.rib.20260123.1800.bz2;syd.rib.20260127.2200.bz2;wide.rib.20260127.1600.bz2,p2c,131429.0,151911.0
131429,152940,7,hkix.rib.20260105.0800.bz2;kr.rib.20260130.2000.bz2;linx.rib.20260109.1000.bz2;rv4.rib.20260102.0000.bz2;sg.rib.20260123.1800.bz2;syd.rib.20260127.2200.bz2;wide.rib.20260127.1600.bz2,p2c,131429.0,152940.0
131429,153428,8,bknix.rib.20260104.0200.bz2;hkix.rib.20260105.0800.bz2;kr.rib.20260130.2000.bz2;linx.rib.20260109.1000.bz2;rv4.rib.20260102.0000.bz2;sg.rib.20260123.1800.bz2;syd.rib.20260127.2200.bz2;wide.rib.20260127.1600.bz2,p2c,131429.0,153428.0
131435,135947,7,hkix.rib.20260105.0800.bz2;kr.rib.20260130.2000.bz2;linx.rib.20260109.1000.bz2;rv4.rib.20260102.0000.bz2;sg.rib.20260123.1800.bz2;syd.rib.20260127.2200.bz2;wide.rib.20260127.1600.bz2,p2c,135947.0,131435.0
135905,135918,8,bknix.rib.20260104.0200.bz2;hkix.rib.20260105.0800.bz2;kr.rib.20260130.2000.bz2;linx.rib.20260109.1000.bz2;rv4.rib.20260102.0000.bz2;sg.rib.20260123.1800.bz2;syd.rib.20260127.2200.bz2;wide.rib.20260127.1600.bz2,p2c,135905.0,135918.0
135905,135920,8,bknix.rib.20260104.0200.bz2;hkix.rib.20260105.0800.bz2;kr.rib.20260130.2000.bz2;linx.rib.20260109.1000.bz2;rv4.rib.20260102.0000.bz2;sg.rib.20260123.1800.bz2;syd.rib.20260127.2200.bz2;wide.rib.20260127.1600.bz2,p2c,135905.0,135920.0
135905,135928,8,bknix.rib.20260104.0200.bz2;hkix.rib.20260105.0800.bz2;kr.rib.20260130.2000.bz2;linx.rib.20260109.1000.bz2;rv4.rib.20260102.0000.bz2;sg.rib.20260123.1800.bz2;syd.rib.20260127.2200.bz2;wide.rib.20260127.1600.bz2,p2c,135905.0,135928.0
135905,135932,7,hkix.rib.20260105.0800.bz2;kr.rib.20260130.2000.bz2;linx.rib.20260109.1000.bz2;rv4.rib.20260102.0000.bz2;sg.rib.20260123.1800.bz2;syd.rib.20260127.2200.bz2;wide.rib.20260127.1600.bz2,p2c,135905.0,135932.0
135905,135988,7,hkix.rib.20260105.0800.bz2;kr.rib.20260130.2000.bz2;linx.rib.20260109.1000.bz2;rv4.rib.20260102.0000.bz2;sg.rib.20260123.1800.bz2;syd.rib.20260127.2200.bz2;wide.rib.20260127.1600.bz2,p2c,135905.0,135988.0
135905,135990,7,hkix.rib.20260105.0800.bz2;kr.rib.20260130.2000.bz2;linx.rib.20260109.1000.bz2;rv4.rib.20260102.0000.bz2;sg.rib.20260123.1800.bz2;syd.rib.20260127.2200.bz2;wide.rib.20260127.1600.bz2,p2c,135905.0,135990.0
135905,135998,7,hkix.rib.20260105.0800.bz2;kr.rib.20260130.2000.bz2;linx.rib.20260109.1000.bz2;rv4.rib.20260102.0000.bz2;sg.rib.20260123.1800.bz2;syd.rib.20260127.2200.bz2;wide.rib.20260127.1600.bz2,p2c,135905.0,135998.0
135905,140806,8,bknix.rib.20260104.0200.bz2;hkix.rib.20260105.0800.bz2;kr.rib.20260130.2000.bz2;linx.rib.20260109.1000.bz2;rv4.rib.20260102.0000.bz2;sg.rib.20260123.1800.bz2;syd.rib.20260127.2200.bz2;wide.rib.20260127.1600.bz2,p2c,135905.0,140806.0
135905,140825,8,bknix.rib.20260104.0200.bz2;hkix.rib.20260105.0800.bz2;kr.rib.20260130.2000.bz2;linx.rib.20260109.1000.bz2;rv4.rib.20260102.0000.bz2;sg.rib.20260123.1800.bz2;syd.rib.20260127.2200.bz2;wide.rib.20260127.1600.bz2,p2c,135905.0,140825.0
135905,149068,8,bknix.rib.20260104.0200.bz2;hkix.rib.20260105.0800.bz2;kr.rib.20260130.2000.bz2;linx.rib.20260109.1000.bz2;rv4.rib.20260102.0000.bz2;sg.rib.20260123.1800.bz2;syd.rib.20260127.2200.bz2;wide.rib.20260127.1600.bz2,p2c,135905.0,149068.0
135905,149089,7,hkix.rib.20260105.0800.bz2;kr.rib.20260130.2000.bz2;linx.rib.20260109.1000.bz2;rv4.rib.20260102.0000.bz2;sg.rib.20260123.1800.bz2;syd.rib.20260127.2200.bz2;wide.rib.20260127.1600.bz2,p2c,135905.0,149089.0
135905,149129,8,bknix.rib.20260104.0200.bz2;hkix.rib.20260105.0800.bz2;kr.rib.20260130.2000.bz2;linx.rib.20260109.1000.bz2;rv4.rib.20260102.0000.bz2;sg.rib.20260123.1800.bz2;syd.rib.20260127.2200.bz2;wide.rib.20260127.1600.bz2,p2c,135905.0,149129.0
135905,149145,8,bknix.rib.20260104.0200.bz2;hkix.rib.20260105.0800.bz2;kr.rib.20260130.2000.bz2;linx.rib.20260109.1000.bz2;rv4.rib.20260102.0000.bz2;sg.rib.20260123.1800.bz2;syd.rib.20260127.2200.bz2;wide.rib.20260127.1600.bz2,p2c,135905.0,149145.0
135905,150838,8,bknix.rib.20260104.0200.bz2;hkix.rib.20260105.0800.bz2;kr.rib.20260130.2000.bz2;linx.rib.20260109.1000.bz2;rv4.rib.20260102.0000.bz2;sg.rib.20260123.1800.bz2;syd.rib.20260127.2200.bz2;wide.rib.20260127.1600.bz2,p2c,135905.0,150838.0
135905,150861,8,bknix.rib.20260104.0200.bz2;hkix.rib.20260105.0800.bz2;kr.rib.20260130.2000.bz2;linx.rib.20260109.1000.bz2;rv4.rib.20260102.0000.bz2;sg.rib.20260123.1800.bz2;syd.rib.20260127.2200.bz2;wide.rib.20260127.1600.bz2,p2c,135905.0,150861.0
135905,150864,8,bknix.rib.20260104.0200.bz2;hkix.rib.20260105.0800.bz2;kr.rib.20260130.2000.bz2;linx.rib.20260109.1000.bz2;rv4.rib.20260102.0000.bz2;sg.rib.20260123.1800.bz2;syd.rib.20260127.2200.bz2;wide.rib.20260127.1600.bz2,p2c,135905.0,150864.0
135905,150911,7,hkix.rib.20260105.0800.bz2;kr.rib.20260130.2000.bz2;linx.rib.20260109.1000.bz2;rv4.rib.20260102.0000.bz2;sg.rib.20260123.1800.bz2;syd.rib.20260127.2200.bz2;wide.rib.20260127.1600.bz2,p2c,135905.0,150911.0
135905,151855,8,bknix.rib.20260104.0200.bz2;hkix.rib.20260105.0800.bz2;kr.rib.20260130.2000.bz2;linx.rib.20260109.1000.bz2;rv4.rib.20260102.0000.bz2;sg.rib.20260123.1800.bz2;syd.rib.20260127.2200.bz2;wide.rib.20260127.1600.bz2,p2c,135905.0,151855.0
135905,151866,7,hkix.rib.20260105.0800.bz2;kr.rib.20260130.2000.bz2;linx.rib.20260109.1000.bz2;rv4.rib.20260102.0000.bz2;sg.rib.20260123.1800.bz2;syd.rib.20260127.2200.bz2;wide.rib.20260127.1600.bz2,p2c,135905.0,151866.0
135905,152933,8,bknix.rib.20260104.0200.bz2;hkix.rib.20260105.0800.bz2;kr.rib.20260130.2000.bz2;linx.rib.20260109.1000.bz2;rv4.rib.20260102.0000.bz2;sg.rib.20260123.1800.bz2;syd.rib.20260127.2200.bz2;wide.rib.20260127.1600.bz2,p2c,135905.0,152933.0
135905,152966,8,bknix.rib.20260104.0200.bz2;hkix.rib.20260105.0800.bz2;kr.rib.20260130.2000.bz2;linx.rib.20260109.1000.bz2;rv4.rib.20260102.0000.bz2;sg.rib.20260123.1800.bz2;syd.rib.20260127.2200.bz2;wide.rib.20260127.1600.bz2,p2c,135905.0,152966.0
135905,152992,8,bknix.rib.20260104.0200.bz2;hkix.rib.20260105.0800.bz2;kr.rib.20260130.2000.bz2;linx.rib.20260109.1000.bz2;rv4.rib.20260102.0000.bz2;sg.rib.20260123.1800.bz2;syd.rib.20260127.2200.bz2;wide.rib.20260127.1600.bz2,p2c,135905.0,152992.0
135918,154339,7,hkix.rib.20260105.0800.bz2;kr.rib.20260130.2000.bz2;linx.rib.20260109.1000.bz2;rv4.rib.20260102.0000.bz2;sg.rib.20260123.1800.bz2;syd.rib.20260127.2200.bz2;wide.rib.20260127.1600.bz2,p2c,135918.0,154339.0
135928,151865,8,bknix.rib.20260104.0200.bz2;hkix.rib.20260105.0800.bz2;kr.rib.20260130.2000.bz2;linx.rib.20260109.1000.bz2;rv4.rib.20260102.0000.bz2;sg.rib.20260123.1800.bz2;syd.rib.20260127.2200.bz2;wide.rib.20260127.1600.bz2,p2c,135928.0,151865.0
135935,135947,7,hkix.rib.20260105.0800.bz2;kr.rib.20260130.2000.bz2;linx.rib.20260109.1000.bz2;rv4.rib.20260102.0000.bz2;sg.rib.20260123.1800.bz2;syd.rib.20260127.2200.bz2;wide.rib.20260127.1600.bz2,p2c,135947.0,135935.0
135943,154091,7,hkix.rib.20260105.0800.bz2;kr.rib.20260130.2000.bz2;linx.rib.20260109.1000.bz2;rv4.rib.20260102.0000.bz2;sg.rib.20260123.1800.bz2;syd.rib.20260127.2200.bz2;wide.rib.20260127.1600.bz2,p2c,135943.0,154091.0
135951,135983,8,bknix.rib.20260104.0200.bz2;hkix.rib.20260105.0800.bz2;kr.rib.20260130.2000.bz2;linx.rib.20260109.1000.bz2;rv4.rib.20260102.0000.bz2;sg.rib.20260123.1800.bz2;syd.rib.20260127.2200.bz2;wide.rib.20260127.1600.bz2,p2c,135983.0,135951.0
135953,140791,7,hkix.rib.20260105.0800.bz2;kr.rib.20260130.2000.bz2;linx.rib.20260109.1000.bz2;rv4.rib.20260102.0000.bz2;sg.rib.20260123.1800.bz2;syd.rib.20260127.2200.bz2;wide.rib.20260127.1600.bz2,p2c,135953.0,140791.0
135964,140757,7,hkix.rib.20260105.0800.bz2;kr.rib.20260130.2000.bz2;linx.rib.20260109.1000.bz2;rv4.rib.20260102.0000.bz2;sg.rib.20260123.1800.bz2;syd.rib.20260127.2200.bz2;wide.rib.20260127.1600.bz2,p2c,135964.0,140757.0
135967,149103,8,bknix.rib.20260104.0200.bz2;hkix.rib.20260105.0800.bz2;kr.rib.20260130.2000.bz2;linx.rib.20260109.1000.bz2;rv4.rib.20260102.0000.bz2;sg.rib.20260123.1800.bz2;syd.rib.20260127.2200.bz2;wide.rib.20260127.1600.bz2,unknown,,
135977,135985,7,hkix.rib.20260105.0800.bz2;kr.rib.20260130.2000.bz2;linx.rib.20260109.1000.bz2;rv4.rib.20260102.0000.bz2;sg.rib.20260123.1800.bz2;syd.rib.20260127.2200.bz2;wide.rib.20260127.1600.bz2,p2c,135977.0,135985.0
140766,150901,7,hkix.rib.20260105.0800.bz2;kr.rib.20260130.2000.bz2;linx.rib.20260109.1000.bz2;rv4.rib.20260102.0000.bz2;sg.rib.20260123.1800.bz2;syd.rib.20260127.2200.bz2;wide.rib.20260127.1600.bz2,p2c,140766.0,150901.0
140770,150814,7,hkix.rib.20260105.0800.bz2;kr.rib.20260130.2000.bz2;linx.rib.20260109.1000.bz2;rv4.rib.20260102.0000.bz2;sg.rib.20260123.1800.bz2;syd.rib.20260127.2200.bz2;wide.rib.20260127.1600.bz2,p2c,140770.0,150814.0
140810,150820,7,hkix.rib.20260105.0800.bz2;kr.rib.20260130.2000.bz2;linx.rib.20260109.1000.bz2;rv4.rib.20260102.0000.bz2;sg.rib.20260123.1800.bz2;syd.rib.20260127.2200.bz2;wide.rib.20260127.1600.bz2,p2c,140810.0,150820.0
140810,150862,7,hkix.rib.20260105.0800.bz2;kr.rib.20260130.2000.bz2;linx.rib.20260109.1000.bz2;rv4.rib.20260102.0000.bz2;sg.rib.20260123.1800.bz2;syd.rib.20260127.2200.bz2;wide.rib.20260127.1600.bz2,p2c,140810.0,150862.0
140810,153416,7,hkix.rib.20260105.0800.bz2;kr.rib.20260130.2000.bz2;linx.rib.20260109.1000.bz2;rv4.rib.20260102.0000.bz2;sg.rib.20260123.1800.bz2;syd.rib.20260127.2200.bz2;wide.rib.20260127.1600.bz2,p2c,140810.0,153416.0
140810,153983,7,hkix.rib.20260105.0800.bz2;kr.rib.20260130.2000.bz2;linx.rib.20260109.1000.bz2;rv4.rib.20260102.0000.bz2;sg.rib.20260123.1800.bz2;syd.rib.20260127.2200.bz2;wide.rib.20260127.1600.bz2,p2c,140810.0,153983.0
140813,153650,7,bknix.rib.20260104.0200.bz2;hkix.rib.20260105.0800.bz2;linx.rib.20260109.1000.bz2;rv4.rib.20260102.0000.bz2;sg.rib.20260123.1800.bz2;syd.rib.20260127.2200.bz2;wide.rib.20260127.1600.bz2,p2c,140813.0,153650.0
140825,153447,7,hkix.rib.20260105.0800.bz2;kr.rib.20260130.2000.bz2;linx.rib.20260109.1000.bz2;rv4.rib.20260102.0000.bz2;sg.rib.20260123.1800.bz2;syd.rib.20260127.2200.bz2;wide.rib.20260127.1600.bz2,p2c,140825.0,153447.0
149107,149148,7,hkix.rib.20260105.0800.bz2;kr.rib.20260130.2000.bz2;linx.rib.20260109.1000.bz2;rv4.rib.20260102.0000.bz2;sg.rib.20260123.1800.bz2;syd.rib.20260127.2200.bz2;wide.rib.20260127.1600.bz2,p2c,149107.0,149148.0
149107,150850,7,hkix.rib.20260105.0800.bz2;kr.rib.20260130.2000.bz2;linx.rib.20260109.1000.bz2;rv4.rib.20260102.0000.bz2;sg.rib.20260123.1800.bz2;syd.rib.20260127.2200.bz2;wide.rib.20260127.1600.bz2,p2c,149107.0,150850.0
149107,150873,7,hkix.rib.20260105.0800.bz2;kr.rib.20260130.2000.bz2;linx.rib.20260109.1000.bz2;rv4.rib.20260102.0000.bz2;sg.rib.20260123.1800.bz2;syd.rib.20260127.2200.bz2;wide.rib.20260127.1600.bz2,p2c,149107.0,150873.0
149107,150895,7,hkix.rib.20260105.0800.bz2;kr.rib.20260130.2000.bz2;linx.rib.20260109.1000.bz2;rv4.rib.20260102.0000.bz2;sg.rib.20260123.1800.bz2;syd.rib.20260127.2200.bz2;wide.rib.20260127.1600.bz2,p2c,149107.0,150895.0
149107,150896,7,hkix.rib.20260105.0800.bz2;kr.rib.20260130.2000.bz2;linx.rib.20260109.1000.bz2;rv4.rib.20260102.0000.bz2;sg.rib.20260123.1800.bz2;syd.rib.20260127.2200.bz2;wide.rib.20260127.1600.bz2,p2c,149107.0,150896.0
149107,152979,7,hkix.rib.20260105.0800.bz2;kr.rib.20260130.2000.bz2;linx.rib.20260109.1000.bz2;rv4.rib.20260102.0000.bz2;sg.rib.20260123.1800.bz2;syd.rib.20260127.2200.bz2;wide.rib.20260127.1600.bz2,p2c,149107.0,152979.0
149107,152983,7,hkix.rib.20260105.0800.bz2;kr.rib.20260130.2000.bz2;linx.rib.20260109.1000.bz2;rv4.rib.20260102.0000.bz2;sg.rib.20260123.1800.bz2;syd.rib.20260127.2200.bz2;wide.rib.20260127.1600.bz2,p2c,149107.0,152983.0
149107,153500,7,hkix.rib.20260105.0800.bz2;kr.rib.20260130.2000.bz2;linx.rib.20260109.1000.bz2;rv4.rib.20260102.0000.bz2;sg.rib.20260123.1800.bz2;syd.rib.20260127.2200.bz2;wide.rib.20260127.1600.bz2,p2c,149107.0,153500.0
149107,153830,7,hkix.rib.20260105.0800.bz2;kr.rib.20260130.2000.bz2;linx.rib.20260109.1000.bz2;rv4.rib.20260102.0000.bz2;sg.rib.20260123.1800.bz2;syd.rib.20260127.2200.bz2;wide.rib.20260127.1600.bz2,p2c,149107.0,153830.0
150895,150900,7,hkix.rib.20260105.0800.bz2;kr.rib.20260130.2000.bz2;linx.rib.20260109.1000.bz2;rv4.rib.20260102.0000.bz2;sg.rib.20260123.1800.bz2;syd.rib.20260127.2200.bz2;wide.rib.20260127.1600.bz2,p2c,150895.0,150900.0
150895,151852,7,hkix.rib.20260105.0800.bz2;kr.rib.20260130.2000.bz2;linx.rib.20260109.1000.bz2;rv4.rib.20260102.0000.bz2;sg.rib.20260123.1800.bz2;syd.rib.20260127.2200.bz2;wide.rib.20260127.1600.bz2,p2c,150895.0,151852.0
150895,152992,4,kr.rib.20260130.2000.bz2;sg.rib.20260123.1800.bz2;syd.rib.20260127.2200.bz2;wide.rib.20260127.1600.bz2,unknown,,
